Workbook
Name \0: #REF!
Name \0: #REF!
Name \0: #REF!
Name \0: #REF!
Name \0: #REF!
Name \a: #N/A
Name \b: #N/A
Name \c: #REF!
Name \c: #REF!
Name \c: #REF!
Name \c: #REF!
Name \c: #REF!
Name \D: [1]ANAL!#REF!
Name \D: [1]ANAL!#REF!
Name \D: [1]ANAL!#REF!
Name \D: [1]ANAL!#REF!
Name \D: [1]ANAL!#REF!
Name \d\srh.xls: [1]ANAL!#REF!
Name \d\srh.xls: [1]ANAL!#REF!
Name \d\srh.xls: [1]ANAL!#REF!
Name \d\srh.xls: [1]ANAL!#REF!
Name \d\srh.xls: [1]ANAL!#REF!
Name \H: '[2]#REF'!#REF!
Name \H: '[2]#REF'!#REF!
Name \o: '[3]Rate Analysis'!#REF!
Name \o: '[3]Rate Analysis'!#REF!
Name \p: #REF!
Name \p: #REF!
Name \p: #REF!
Name \p: #REF!
Name \p: #REF!
Name \s: #N/A
Name \z: #N/A
Name _______________________DAT13: #REF!
Name _______________________DAT13: #REF!
Name _______________________DAT14: #REF!
Name _______________________DAT14: #REF!
Name _______________________DAT15: '[4]SAP架設-2005.12.31'!#REF!
Name _______________________DAT15: '[4]SAP架設-2005.12.31'!#REF!
Name _______________________DAT17: #REF!
Name _______________________DAT17: #REF!
Name _______________________DAT17: #REF!
Name _______________________DAT17: #REF!
Name _______________________DAT17: #REF!
Name _______________________DAT19: #REF!
Name _______________________DAT19: #REF!
Name _______________________DAT19: #REF!
Name _______________________DAT19: #REF!
Name _______________________DAT19: #REF!
Name ______________________DAT13: #REF!
Name ______________________DAT13: #REF!
Name ______________________DAT13: #REF!
Name ______________________DAT13: #REF!
Name ______________________DAT13: #REF!
Name ______________________DAT14: #REF!
Name ______________________DAT14: #REF!
Name ______________________DAT15: '[4]SAP架設-2005.12.31'!#REF!
Name ______________________DAT15: '[4]SAP架設-2005.12.31'!#REF!
Name ______________________DAT17: #REF!
Name ______________________DAT17: #REF!

Sheet May-23 Plan- Completed
D1: 3 | E1: 20 | F1: 5 | G1: 6 | H1: 5 | I1: 10 | O1: 12 | P1: 0.5
A2: Concreting
A3: In-Situ | B3: SMS#4 Hot Metal Elevated Track ( In-Situ) | M3: Pre-cast | O3: SMS#4 Hot Metal Elevated Track (Pre-cast)
C4: Excavation | D4: PCC | E4: Foundation | F4: Step Footing | G4: Pier 1900 mm | H4: Pier 1600 mm | I4: Pier Cap | J4: Total | K4: Remarks | O4: Quantity | P4: Nos. | Q4: Remarks
A5: Priority Section-1 | B5: Nos. | C5: =C7+C9+C11+C13+C15+C17 -> 10 | D5: =D7+D9+D11+D13+D15+D17 -> 12 | E5: =E7+E9+E11+E13+E15+E17 -> 12 | F5: =F7+F9+F11+F13+F15+F17 -> 12 | G5: =G7+G9+G11+G13+G15+G17 -> 18 | H5: =H7+H9+H11+H13+H15+H17 -> 25 | I5: =I7+I9+I11+I13+I15+I17 -> 23 | M5: Track beam with nose | O5: =P5*$O$1 -> 1140 | P5: 95 | Q5: Concrete with OPC cement to be available at JSW batching Plant
B6: Qty | C6: =C8+C10+C12+C14+C16+C18 -> 0 | D6: =D8+D10+D12+D14+D16+D18 -> 36 | E6: =E8+E10+E12+E14+E16+E18 -> 240 | F6: =F8+F10+F12+F14+F16+F18 -> 60 | G6: =G8+G10+G12+G14+G16+G18 -> 108 | H6: =H8+H10+H12+H14+H16+H18 -> 125 | I6: =I8+I10+I12+I14+I16+I18 -> 355 | J6: =SUM(C6:I6) -> 924 | M6: Track beam without nose | O6: =P6*$O$1 -> 960 | P6: 80
A7: Part A | B7: Nos. | C7: 6 | D7: 6 | E7: 6 | F7: 6 | G7: 6 | H7: 14 | I7: 14 | M7: h-section beam | O7: =P7*$O$1 -> 336 | P7: 28
B8: Qty | D8: =D7*$D$1 -> 18 | E8: =E7*$E$1 -> 120 | F8: =F7*$F$1 -> 30 | G8: =G7*$G$1 -> 36 | H8: =H7*$H$1 -> 70 | I8: =I7*$I$1 -> 140 | J8: =SUM(C8:I8) -> 414 | M8: U-section beam | O8: =P8*$O$1 -> 336 | P8: 28
A9: Part B | B9: Nos. | C9: 4 | D9: 6 | E9: 6 | F9: 6 | G9: 6 | H9: 2 | M9: Pre-cast Slab | O9: =P9*P1 -> 38 | P9: 76
B10: Qty | D10: =D9*$D$1 -> 18 | E10: =E9*$E$1 -> 120 | F10: =F9*$F$1 -> 30 | G10: =G9*$G$1 -> 36 | H10: =H9*$H$1 -> 10 | I10: =I9*10 -> 0 | J10: =SUM(C10:I10) -> 214 | M10: Total: | O10: =SUM(O5:O9) -> 2810 | P10: =SUM(P5:P9) -> 307
A11: Part H | B11: Nos. | I11: 4 | U11: Month Plan | V11: Interim
B12: Qty | D12: =D11*$D$1 -> 0 | E12: =E11*$E$1 -> 0 | F12: =F11*$F$1 -> 0 | G12: =G11*$G$1 -> 0 | H12: =H11*$H$1 -> 0 | I12: =3*35+10 -> 115 | J12: =SUM(C12:I12) -> 115 | M12: All qty are in Cum | P12: Cast-in-situ | Q12: Pre-cast | R12: Total | T12: PCC | U12: =D32 -> 36 | V12: =U12*$P$43 -> 17.451423
A13: Part C | B13: Nos. | G13: 6 | H13: 9 | I13: 5 | O13: A | P13: =J8 -> 414 | Q13: =$O$10/11 -> 255.45455 | R13: =P13+Q13 -> 669.45455 | T13: RCC Foundation | U13: =E32 -> 240 | V13: =U13*$P$43 -> 116.34282
B14: Qty | D14: =D13*$D$1 -> 0 | E14: =E13*$E$1 -> 0 | F14: =F13*$F$1 -> 0 | G14: =G13*$G$1 -> 36 | H14: =H13*$H$1 -> 45 | I14: =5*20 -> 100 | J14: =SUM(C14:I14) -> 181 | O14: B | P14: =J10 -> 214 | Q14: =$O$10/11 -> 255.45455 | R14: =P14+Q14 -> 469.45455 | T14: Step Footing | U14: =F32 -> 60 | V14: =U14*$P$43 -> 29.085704
A15: Part I | B15: Nos. | O15: C | P15: =J14 -> 181 | Q15: =$O$10/11 -> 255.45455 | R15: =P15+Q15 -> 436.45455 | T15: Pier 1900 mm | U15: =G32 -> 132 | V15: =U15*$P$43 -> 63.988549
B16: Qty | D16: =D15*$D$1 -> 0 | E16: =E15*$E$1 -> 0 | F16: =F15*$F$1 -> 0 | G16: =G15*$G$1 -> 0 | H16: =H15*$H$1 -> 0 | I16: =I15*$I$1 -> 0 | J16: =SUM(C16:I16) -> 0 | O16: D | P16: =J18 -> 0 | Q16: =$O$10/11 -> 255.45455 | R16: =P16+Q16 -> 255.45455 | T16: Pier 1600 mm | U16: =H32 -> 500 | V16: =U16*$P$43 -> 242.38087
A17: Part D | B17: Nos. | O17: E | P17: =J22 -> 15 | Q17: =$O$10/11 -> 255.45455 | R17: =P17+Q17 -> 270.45455 | T17: Pier Cap | U17: =I32 -> 355 | V17: =U17*$P$43 -> 172.09042
B18: Qty | D18: =D17*$D$1 -> 0 | E18: =E17*$E$1 -> 0 | F18: =F17*$F$1 -> 0 | G18: =G17*$G$1 -> 0 | H18: =H17*$H$1 -> 0 | I18: =I17*20 -> 0 | J18: =SUM(C18:I18) -> 0 | O18: F | P18: =J24 -> 150 | Q18: =$O$10/11 -> 255.45455 | R18: =P18+Q18 -> 405.45455 | T18: Track Beam with Nose | U18: =O5 -> 1140 | V18: =U18*$P$43 -> 552.62838
A19: Priority Section-2 | B19: Nos. | C19: =C21+C23+C25+C27+C29 -> 0 | D19: =D21+D23+D25+D27+D29 -> 0 | E19: =E21+E23+E25+E27+E29 -> 0 | F19: =F21+F23+F25+F27+F29 -> 0 | G19: =G21+G23+G25+G27+G29 -> 4 | H19: =H21+H23+H25+H27+H29 -> 75 | I19: =I21+I23+I25+I27+I29 -> 0 | O19: G | P19: =J26 -> 150 | Q19: =$O$10/11 -> 255.45455 | R19: =P19+Q19 -> 405.45455 | T19: Track Beam without Nose | U19: =O6 -> 960 | V19: =U19*$P$43 -> 465.37127
B20: Qty | C20: =C22+C24+C26+C28+C30 -> 0 | D20: =D22+D24+D26+D28+D30 -> 0 | E20: =E22+E24+E26+E28+E30 -> 0 | F20: =F22+F24+F26+F28+F30 -> 0 | G20: =G22+G24+G26+G28+G30 -> 24 | H20: =H22+H24+H26+H28+H30 -> 375 | I20: =I22+I24+I26+I28+I30 -> 0 | J20: =SUM(C20:I20) -> 399 | O20: H | P20: =J12 -> 115 | Q20: =$O$10/11 -> 255.45455 | R20: =P20+Q20 -> 370.45455 | T20: H - Section Beam | U20: =O7 -> 336 | V20: =U20*$P$43 -> 162.87994
A21: Part E | B21: Nos. | H21: 3 | O21: I | P21: =J16 -> 0 | Q21: =$O$10/11 -> 255.45455 | R21: =P21+Q21 -> 255.45455 | T21: U - Section Beam | U21: =O8 -> 336 | V21: =U21*$P$43 -> 162.87994
B22: Qty | D22: =D21*$D$1 -> 0 | E22: =E21*$E$1 -> 0 | F22: =F21*$F$1 -> 0 | G22: =G21*$G$1 -> 0 | H22: =H21*$H$1 -> 15 | I22: =I21*$I$1 -> 0 | J22: =SUM(C22:I22) -> 15 | O22: J | P22: =J28 -> 60 | Q22: =$O$10/11 -> 255.45455 | R22: =P22+Q22 -> 315.45455 | T22: Pre-cast Slab | U22: =O9 -> 38 | V22: =U22*$P$43 -> 18.420946
A23: Part F | B23: Nos. | H23: 30 | O23: K | P23: =J30 -> 24 | Q23: =$O$10/11 -> 255.45455 | R23: =P23+Q23 -> 279.45455
B24: Qty | D24: =D23*$D$1 -> 0 | E24: =E23*$E$1 -> 0 | F24: =F23*$F$1 -> 0 | G24: =G23*$G$1 -> 0 | H24: =H23*$H$1 -> 150 | I24: =I23*$I$1 -> 0 | J24: =SUM(C24:I24) -> 150 | P24: =SUM(P13:P23) -> 1323 | Q24: =SUM(Q13:Q23) -> 2810 | R24: =SUM(R13:R23) -> 4133
A25: Part G | B25: Nos. | H25: 30
B26: Qty | D26: =D25*$D$1 -> 0 | E26: =E25*$E$1 -> 0 | F26: =F25*$F$1 -> 0 | G26: =G25*$G$1 -> 0 | H26: =H25*$H$1 -> 150 | I26: =I25*$I$1 -> 0 | J26: =SUM(C26:I26) -> 150
A27: Part J | B27: Nos. | H27: 12
B28: Qty | D28: =D27*$D$1 -> 0 | E28: =E27*$E$1 -> 0 | F28: =F27*$F$1 -> 0 | G28: =G27*$G$1 -> 0 | H28: =H27*$H$1 -> 60 | I28: =I27*$I$1 -> 0 | J28: =SUM(C28:I28) -> 60
A29: Part K | B29: Nos. | G29: 4 | K29: Clearence to be given by 10th Feb 2023 from JSW.
B30: Qty | D30: =D29*$D$1 -> 0 | E30: =E29*$E$1 -> 0 | F30: =F29*$F$1 -> 0 | G30: =G29*$G$1 -> 24 | H30: =H29*$H$1 -> 0 | I30: =I29*$I$1 -> 0 | J30: =SUM(C30:I30) -> 24
A31: Total | B31: Nos. | C31: =C5+C19 -> 10 | D31: =D5+D19 -> 12 | E31: =E5+E19 -> 12 | F31: =F5+F19 -> 12 | G31: =G5+G19 -> 22 | H31: =H5+H19 -> 100 | I31: =I5+I19 -> 23
B32: Qty | C32: =C6+C20 -> 0 | D32: =D6+D20 -> 36 | E32: =E6+E20 -> 240 | F32: =F6+F20 -> 60 | G32: =G6+G20 -> 132 | H32: =H6+H20 -> 500 | I32: =I6+I20 -> 355 | J32: =SUM(C32:I32) -> 1323
J36: Pre-cast | K36: Week-wise Planned
K37: Week 1 (1 to 8) | M37: =$O$10*N37 -> 673.13965 | N37: 0.23955148
K38: Week 2 (9 to 16) | M38: =$O$10*N38 -> 703.21611 | N38: 0.25025484
K39: Week 3 (17 to 24) | M39: =$O$10*N39 -> 703.21611 | N39: 0.25025484
K40: Week 4 (25 to 31) | M40: =$O$10*N40 -> 730.42813 | N40: 0.25993884
K41: Total | M41: =SUM(M37:M40) -> 2810
J42: Cast-in-situ | K42: Week-wise Planned
K43: Week 1 (1 to 8) | M43: =$J$32*N43 -> 277.69706 | N43: 0.20989952 | O43: =(N37+N43)/2 -> 0.2247255 | P43: =O43+O44 -> 0.48476174
K44: Week 2 (9 to 16) | M44: =$J$32*N44 -> 356.96874 | N44: 0.26981764 | O44: =(N38+N44)/2 -> 0.26003624
K45: Week 3 (17 to 24) | M45: =$J$32*N45 -> 356.96874 | N45: 0.26981764 | O45: =(N39+N45)/2 -> 0.26003624
K46: Week 4 (25 to 31) | M46: =$J$32*N46 -> 331.36546 | N46: 0.2504652 | O46: =(N40+N46)/2 -> 0.25520202
K47: Total | M47: =SUM(M43:M46) -> 1323
K49: Monthly Concreting Target | M49: =M41+M47 -> 4133 | N49: cum
A52: Erection
C53: Track beam with nose | D53: Track beam without nose | E53: U-section beam | F53: h-section beam | G53: Pre-cast Slab | H53: Total
A54: Priority Section-1 | B54: Nos. | C54: =C56+C58+C60+C62+C64+C66 -> 27 | D54: =D56+D58+D60+D62+D64+D66 -> 78 | E54: =E56+E58+E60+E62+E64+E66 -> 16 | F54: =F56+F58+F60+F62+F64+F66 -> 13 | G54: =G56+G58+G60+G62+G64+G66 -> 27 | H54: =SUM(C54:G54) -> 161 | U54: Month Plan | V54: Interim
B55: Qty | C55: =C57+C59+C61+C63+C65+C67 -> 27 | D55: =D57+D59+D61+D63+D65+D67 -> 78 | E55: =E57+E59+E61+E63+E65+E67 -> 16 | F55: =F57+F59+F61+F63+F65+F67 -> 13 | G55: =G57+G59+G61+G63+G65+G67 -> 27 | H55: =SUM(C55:G55) -> 161 | T55: Track beam with nose | U55: =C80 -> 27 | V55: =U55*$O$73 -> 8.1
A56: Part A | B56: Nos. | P56: A | Q56: =H56 -> 0 | T56: Track beam without nose | U56: =D80 -> 78 | V56: =U56*$O$73 -> 23.4
B57: Qty | C57: =C56*$O$1 -> 0 | D57: =D56*$O$1 -> 0 | E57: =E56*$O$1 -> 0 | F57: =F56*$O$1 -> 0 | G57: =G56*$O$1 -> 0 | H57: =SUM(C57:G57) -> 0 | P57: B | Q57: =H58 -> 0 | T57: h-section beam | U57: =E80 -> 16 | V57: =U57*$O$73 -> 4.8
A58: Part B | B58: Nos. | H58: =SUM(C58:G58) -> 0 | P58: C | Q58: =H62 -> 0 | T58: U-section beam | U58: =F80 -> 13 | V58: =U58*$O$73 -> 3.9
B59: Qty | C59: =C58*$O$1 -> 0 | D59: =D58*$O$1 -> 0 | E59: =E58*$O$1 -> 0 | F59: =F58*$O$1 -> 0 | G59: =G58*$O$1 -> 0 | H59: =SUM(C59:G59) -> 0 | P59: D | Q59: =H66 -> 0 | T59: Pre-cast Slab | U59: =G80 -> 27 | V59: =U59*$O$73 -> 8.1
A60: Part H | B60: Nos. | C60: 27 | D60: 78 | E60: 16 | F60: 13 | G60: 27 | H60: =SUM(C60:G60) -> 161 | P60: E | Q60: =H70 -> 0
B61: Qty | C61: 27 | D61: 78 | E61: 16 | F61: 13 | G61: 27 | H61: =SUM(C61:G61) -> 161 | P61: F | Q61: =H72 -> 0
A62: Part C | B62: Nos. | P62: G | Q62: =H74 -> 0
B63: Qty | C63: =C62*$O$1 -> 0 | D63: =D62*$O$1 -> 0 | E63: =E62*$O$1 -> 0 | F63: =F62*$O$1 -> 0 | G63: =G62*$O$1 -> 0 | H63: =SUM(C63:G63) -> 0 | P63: H | Q63: =H60 -> 161
A64: Part I | B64: Nos. | H64: =SUM(C64:G64) -> 0 | P64: I | Q64: =H64 -> 0
B65: Qty | C65: =C64*$O$1 -> 0 | D65: =D64*$O$1 -> 0 | E65: =E64*$O$1 -> 0 | F65: =F64*$O$1 -> 0 | G65: =G64*$O$1 -> 0 | H65: =SUM(C65:G65) -> 0 | P65: J | Q65: =H76 -> 0
A66: Part D | B66: Nos. | H66: =SUM(C66:G66) -> 0 | P66: K | Q66: =H78 -> 0
B67: Qty | C67: =C66*$O$1 -> 0 | D67: =D66*$O$1 -> 0 | E67: =E66*$O$1 -> 0 | F67: =F66*$O$1 -> 0 | G67: =G66*$O$1 -> 0 | H67: =SUM(C67:G67) -> 0 | Q67: =SUM(Q56:Q66) -> 161
A68: Priority Section-2 | B68: Nos. | C68: =C70+C72+C74+C76+C78 -> 0 | D68: =D70+D72+D74+D76+D78 -> 0 | E68: =E70+E72+E74+E76+E78 -> 0 | F68: =F70+F72+F74+F76+F78 -> 0 | G68: =G70+G72+G74+G76+G78 -> 0 | H68: =SUM(C68:G68) -> 0
B69: Qty | C69: =C71+C73+C75+C77+C79 -> 0 | D69: =D71+D73+D75+D77+D79 -> 0 | E69: =E71+E73+E75+E77+E79 -> 0 | F69: =F71+F73+F75+F77+F79 -> 0 | G69: =G71+G73+G75+G77+G79 -> 0 | H69: =SUM(C69:G69) -> 0
A70: Part E | B70: Nos. | H70: =SUM(C70:G70) -> 0
B71: Qty | C71: =C70*$O$1 -> 0 | D71: =D70*$O$1 -> 0 | E71: =E70*$O$1 -> 0 | F71: =F70*$O$1 -> 0 | G71: =G70*$O$1 -> 0 | H71: =SUM(C71:G71) -> 0
A72: Part F | B72: Nos. | H72: =SUM(C72:G72) -> 0 | J72: Pre-cast Segment Erection | K72: Week-wise Planned
B73: Qty | C73: =C72*$O$1 -> 0 | D73: =D72*$O$1 -> 0 | E73: =E72*$O$1 -> 0 | F73: =F72*$O$1 -> 0 | G73: =G72*$O$1 -> 0 | H73: =SUM(C73:G73) -> 0 | K73: Week 1 (1 to 8) | M73: =$H$80*N73 -> 16.1 | N73: 0.1 | O73: =N73+N74 -> 0.3
A74: Part G | B74: Nos. | H74: =SUM(C74:G74) -> 0 | K74: Week 2 (9 to 16) | M74: =$H$80*N74 -> 32.2 | N74: 0.2
B75: Qty | C75: =C74*$O$1 -> 0 | D75: =D74*$O$1 -> 0 | E75: =E74*$O$1 -> 0 | F75: =F74*$O$1 -> 0 | G75: =G74*$O$1 -> 0 | H75: =SUM(C75:G75) -> 0 | K75: Week 3 (17 to 24) | M75: =$H$80*N75 -> 56.35 | N75: 0.35
A76: Part J | B76: Nos. | H76: =SUM(C76:G76) -> 0 | K76: Week 4 (25 to 31) | M76: =$H$80*N76 -> 56.35 | N76: 0.35
B77: Qty | C77: =C76*$O$1 -> 0 | D77: =D76*$O$1 -> 0 | E77: =E76*$O$1 -> 0 | F77: =F76*$O$1 -> 0 | G77: =G76*$O$1 -> 0 | H77: =SUM(C77:G77) -> 0 | K77: Total | M77: =SUM(M73:M76) -> 161
A78: Part K | B78: Nos. | H78: =SUM(C78:G78) -> 0
B79: Qty | C79: =C78*$O$1 -> 0 | D79: =D78*$O$1 -> 0 | E79: =E78*$O$1 -> 0 | F79: =F78*$O$1 -> 0 | G79: =G78*$O$1 -> 0 | H79: =SUM(C79:G79) -> 0
A80: Total | B80: Nos. | C80: =C54+C68 -> 27 | D80: =D54+D68 -> 78 | E80: =E54+E68 -> 16 | F80: =F54+F68 -> 13 | G80: =G54+G68 -> 27 | H80: =SUM(C80:G80) -> 161
B81: Qty | C81: =C55+C69 -> 27 | D81: =D55+D69 -> 78 | E81: =E55+E69 -> 16 | F81: =F55+F69 -> 13 | G81: =G55+G69 -> 27 | H81: =SUM(C81:G81) -> 161
C83: FTM
A84: Track Linking
A86: A | C86: 0
A87: B | C87: 0
A88: C | C88: 0
A89: D | C89: 100
A90: E | C90: 0
A91: F | C91: 0
A92: G | C92: 0
A93: H | C93: 0
A94: I | C94: 0
A95: J | C95: 0
A96: K | C96: 0

Sheet Jul-23 Plan - Old 
D1: 3 | E1: 20 | F1: 5 | G1: 6 | H1: 5 | I1: 10 | J1: 35 | O1: 12 | P1: 0.5
A2: Concreting
A3: In-Situ | B3: SMS#4 Hot Metal Elevated Track ( In-Situ) | M3: Pre-cast | O3: SMS#4 Hot Metal Elevated Track (Pre-cast)
C4: Excavation | D4: PCC | E4: Foundation | F4: Step Footing | G4: Pier 1900 mm | H4: Pier 1600 mm | I4: Pier Cap | J4: Total | K4: Remarks | O4: Quantity | P4: Nos. | Q4: Remarks
A5: Priority Section-1 | B5: Nos. | C5: =C7+C9+C11+C13+C15+C17 -> 0 | D5: =D7+D9+D11+D13+D15+D17 -> 0 | E5: =E7+E9+E11+E13+E15+E17 -> 0 | F5: =F7+F9+F11+F13+F15+F17 -> 0 | G5: =G7+G9+G11+G13+G15+G17 -> 0 | H5: =H7+H9+H11+H13+H15+H17 -> 0 | I5: =I7+I9+I11+I13+I15+I17 -> 0 | M5: Track beam with nose | O5: =P5*$O$1 -> 720 | P5: 60 | Q5: Concrete with OPC cement to be available at JSW batching Plant
B6: Qty | C6: =C8+C10+C12+C14+C16+C18 -> 0 | D6: =D8+D10+D12+D14+D16+D18 -> 0 | E6: =E8+E10+E12+E14+E16+E18 -> 0 | F6: =F8+F10+F12+F14+F16+F18 -> 0 | G6: =G8+G10+G12+G14+G16+G18 -> 0 | H6: =H8+H10+H12+H14+H16+H18 -> 0 | I6: =I8+I10+I12+I14+I16+I18 -> 0 | J6: =SUM(C6:I6) -> 0 | M6: Track beam without nose | O6: =P6*$O$1 -> 720 | P6: 60
A7: Part A | B7: Nos. | M7: h-section beam | O7: =P7*$O$1 -> 300 | P7: 25
B8: Qty | D8: =D7*$D$1 -> 0 | E8: =E7*$E$1 -> 0 | F8: =F7*$F$1 -> 0 | G8: =G7*$G$1 -> 0 | H8: =H7*$H$1 -> 0 | I8: =I7*$I$1 -> 0 | J8: =SUM(C8:I8) -> 0 | M8: U-section beam | O8: =P8*$O$1 -> 300 | P8: 25
A9: Part B | B9: Nos. | M9: Pre-cast Slab | O9: =P9*P1 -> 30 | P9: 60
B10: Qty | D10: =D9*$D$1 -> 0 | E10: =E9*$E$1 -> 0 | F10: =F9*$F$1 -> 0 | G10: =G9*$G$1 -> 0 | H10: =H9*$H$1 -> 0 | I10: =I9*20 -> 0 | J10: =SUM(C10:I10) -> 0 | M10: Total: | O10: =SUM(O5:O9) -> 2070 | P10: =SUM(P5:P9) -> 230 | Z10: Pre-cast | AC10: Cast Insitu | AD10: Total | AE10: UOM | AF10: Track beam with nose | AG10: Track beam without nose | AH10: h-section beam | AI10: U-section beam | AJ10: Pre-cast Slab | AK10: Total
A11: Part H | B11: Nos. | U11: Month Plan | V11: Interim | AA11: Qty | AB11: Cum | AC11: Cum | AD11: Cum | AE11: Nos. | AF11: ='Plan- Rohan'!U80 -> 60 | AG11: ='Plan- Rohan'!V80 -> 60 | AH11: ='Plan- Rohan'!W80 -> 20 | AI11: ='Plan- Rohan'!X80 -> 20 | AJ11: ='Plan- Rohan'!Y80 -> 60 | AK11: ='Plan- Rohan'!Z80 -> 220
B12: Qty | D12: =D11*$D$1 -> 0 | E12: =E11*$E$1 -> 0 | F12: =F11*$F$1 -> 0 | G12: =G11*$G$1 -> 0 | H12: =H11*$H$1 -> 0 | I12: =I11*J1 -> 0 | J12: =SUM(C12:I12) -> 0 | M12: All qty are in Cum | P12: Cast-in-situ | Q12: Pre-cast | R12: Total | T12: PCC | U12: =D32 -> 159 | V12: =U12*$P$43 -> 77.077116 | Z12: A | AA12: ='Plan- Rohan'!Z56 -> 0 | AB12: ='Plan- Rohan'!Z57 -> 0 | AC12: 0 | AD12: =AB12+AC12 -> 0 | AE12: Qty | AF12: ='Plan- Rohan'!U81 -> 720 | AG12: ='Plan- Rohan'!V81 -> 720 | AH12: ='Plan- Rohan'!W81 -> 240 | AI12: ='Plan- Rohan'!X81 -> 240 | AJ12: ='Plan- Rohan'!Y81 -> 30 | AK12: ='Plan- Rohan'!Z81 -> 1950
A13: Part C | B13: Nos. | O13: A | P13: =J8 -> 0 | Q13: =$O$10/11 -> 188.18182 | R13: =P13+Q13 -> 188.18182 | T13: RCC Foundation | U13: =E32 -> 740 | V13: =U13*$P$43 -> 358.72369 | Z13: B | AA13: ='Plan- Rohan'!Z58 -> 0 | AB13: ='Plan- Rohan'!Z59 -> 0 | AC13: 0 | AD13: =AB13+AC13 -> 0
B14: Qty | D14: =D13*$D$1 -> 0 | E14: =E13*$E$1 -> 0 | F14: =F13*$F$1 -> 0 | G14: =G13*$G$1 -> 0 | H14: =H13*$H$1 -> 0 | I14: =I13*$H$1 -> 0 | J14: =SUM(C14:I14) -> 0 | O14: B | P14: =J10 -> 0 | Q14: =$O$10/11 -> 188.18182 | R14: =P14+Q14 -> 188.18182 | T14: Step Footing | U14: =F32 -> 185 | V14: =U14*$P$43 -> 89.680922 | Z14: C | AA14: ='Plan- Rohan'!Z62 -> 16 | AB14: ='Plan- Rohan'!Z63 -> 192 | AC14: 0 | AD14: =AB14+AC14 -> 192
A15: Part I | B15: Nos. | O15: C | P15: =J14 -> 0 | Q15: =$O$10/11 -> 188.18182 | R15: =P15+Q15 -> 188.18182 | T15: Pier 1900 mm | U15: =G32 -> 120 | V15: =U15*$P$43 -> 58.171409 | Z15: D | AA15: ='Plan- Rohan'!Z66 -> 0 | AB15: ='Plan- Rohan'!Z67 -> 0 | AC15: 0 | AD15: =AB15+AC15 -> 0
B16: Qty | D16: =D15*$D$1 -> 0 | E16: =E15*$E$1 -> 0 | F16: =F15*$F$1 -> 0 | G16: =G15*$G$1 -> 0 | H16: =H15*$H$1 -> 0 | I16: =I15*$I$1 -> 0 | J16: =SUM(C16:I16) -> 0 | O16: D | P16: =J18 -> 0 | Q16: =$O$10/11 -> 188.18182 | R16: =P16+Q16 -> 188.18182 | T16: Pier 1600 mm | U16: =H32 -> 850 | V16: =U16*$P$43 -> 412.04748 | Z16: E | AA16: ='Plan- Rohan'!Z70 -> 0 | AB16: ='Plan- Rohan'!Z71 -> 0 | AC16: 476 | AD16: =AB16+AC16 -> 476
A17: Part D | B17: Nos. | O17: E | P17: =J22 -> 476 | Q17: =$O$10/11 -> 188.18182 | R17: =P17+Q17 -> 664.18182 | T17: Pier Cap | U17: =I32 -> 300 | V17: =U17*$P$43 -> 145.42852 | Z17: F | AA17: ='Plan- Rohan'!Z72 -> 0 | AB17: ='Plan- Rohan'!Z73 -> 0 | AC17: 225 | AD17: =AB17+AC17 -> 225
B18: Qty | D18: =D17*$D$1 -> 0 | E18: =E17*$E$1 -> 0 | F18: =F17*$F$1 -> 0 | G18: =G17*$G$1 -> 0 | H18: =H17*$H$1 -> 0 | I18: =I17*20 -> 0 | J18: =SUM(C18:I18) -> 0 | O18: F | P18: =J24 -> 225 | Q18: =$O$10/11 -> 188.18182 | R18: =P18+Q18 -> 413.18182 | T18: Track Beam with Nose | U18: =O5 -> 720 | V18: =U18*$P$43 -> 349.02845 | Z18: G | AA18: ='Plan- Rohan'!Z74 -> 159 | AB18: ='Plan- Rohan'!Z75 -> 1218 | AC18: 328 | AD18: =AB18+AC18 -> 1546
A19: Priority Section-2 | B19: Nos. | C19: =C21+C23+C25+C27+C29 -> 53 | D19: =D21+D23+D25+D27+D29 -> 53 | E19: =E21+E23+E25+E27+E29 -> 37 | F19: =F21+F23+F25+F27+F29 -> 37 | G19: =G21+G23+G25+G27+G29 -> 20 | H19: =H21+H23+H25+H27+H29 -> 170 | I19: =I21+I23+I25+I27+I29 -> 20 | O19: G | P19: =J26 -> 328 | Q19: =$O$10/11 -> 188.18182 | R19: =P19+Q19 -> 516.18182 | T19: Track Beam without Nose | U19: =O6 -> 720 | V19: =U19*$P$43 -> 349.02845 | Z19: H | AA19: ='Plan- Rohan'!Z60 -> 5 | AB19: ='Plan- Rohan'!Z61 -> 60 | AC19: 0 | AD19: =AB19+AC19 -> 60
B20: Qty | C20: =C22+C24+C26+C28+C30 -> 0 | D20: =D22+D24+D26+D28+D30 -> 159 | E20: =E22+E24+E26+E28+E30 -> 740 | F20: =F22+F24+F26+F28+F30 -> 185 | G20: =G22+G24+G26+G28+G30 -> 120 | H20: =H22+H24+H26+H28+H30 -> 850 | I20: =I22+I24+I26+I28+I30 -> 300 | J20: =SUM(C20:I20) -> 2354 | O20: H | P20: =J12 -> 0 | Q20: =$O$10/11 -> 188.18182 | R20: =P20+Q20 -> 188.18182 | T20: H - Section Beam | U20: =O7 -> 300 | V20: =U20*$P$43 -> 145.42852 | Z20: I | AA20: ='Plan- Rohan'!Z64 -> 40 | AB20: ='Plan- Rohan'!Z65 -> 480 | AC20: 0 | AD20: =AB20+AC20 -> 480
A21: Part E | B21: Nos. | C21: 17 | D21: 17 | E21: 17 | F21: 17 | O21: I | P21: =J16 -> 0 | Q21: =$O$10/11 -> 188.18182 | R21: =P21+Q21 -> 188.18182 | T21: U - Section Beam | U21: =O8 -> 300 | V21: =U21*$P$43 -> 145.42852 | Z21: J | AA21: ='Plan- Rohan'!Z76 -> 0 | AB21: ='Plan- Rohan'!Z77 -> 0 | AC21: 375 | AD21: =AB21+AC21 -> 375
B22: Qty | D22: =D21*$D$1 -> 51 | E22: =E21*$E$1 -> 340 | F22: =F21*$F$1 -> 85 | G22: =G21*$G$1 -> 0 | H22: =H21*$H$1 -> 0 | I22: =I21*$I$1 -> 0 | J22: =SUM(C22:I22) -> 476 | O22: J | P22: =J28 -> 395 | Q22: =$O$10/11 -> 188.18182 | R22: =P22+Q22 -> 583.18182 | T22: Pre-cast Slab | U22: =O9 -> 30 | V22: =U22*$P$43 -> 14.542852 | Z22: K | AA22: ='Plan- Rohan'!Z78 -> 0 | AB22: ='Plan- Rohan'!Z79 -> 0 | AC22: 930 | AD22: =AB22+AC22 -> 930
A23: Part F | B23: Nos. | H23: 45 | O23: K | P23: =J30 -> 930 | Q23: =$O$10/11 -> 188.18182 | R23: =P23+Q23 -> 1118.1818 | AA23: =SUM(AA12:AA22) -> 220 | AB23: =SUM(AB12:AB22) -> 1950 | AC23: =SUM(AC12:AC22) -> 2334 | AD23: =SUM(AD12:AD22) -> 4284
B24: Qty | D24: =D23*$D$1 -> 0 | E24: =E23*$E$1 -> 0 | F24: =F23*$F$1 -> 0 | G24: =G23*$G$1 -> 0 | H24: =H23*$H$1 -> 225 | I24: 0 | J24: =SUM(C24:I24) -> 225 | P24: =SUM(P13:P23) -> 2354 | Q24: =SUM(Q13:Q23) -> 2070 | R24: =SUM(R13:R23) -> 4424
A25: Part G | B25: Nos. | C25: 16 | D25: 16 | I25: 18
B26: Qty | D26: =D25*$D$1 -> 48 | E26: =E25*$E$1 -> 0 | F26: =F25*$F$1 -> 0 | G26: =G25*$G$1 -> 0 | H26: =H25*$H$1 -> 0 | I26: =8*10+10*20 -> 280 | J26: =SUM(C26:I26) -> 328
A27: Part J | B27: Nos. | H27: 75 | I27: 2
B28: Qty | D28: =D27*$D$1 -> 0 | E28: =E27*$E$1 -> 0 | F28: =F27*$F$1 -> 0 | G28: =G27*$G$1 -> 0 | H28: =H27*$H$1 -> 375 | I28: =I27*$I$1 -> 20 | J28: =SUM(C28:I28) -> 395
A29: Part K | B29: Nos. | C29: 20 | D29: 20 | E29: 20 | F29: 20 | G29: 20 | H29: 50 | K29: Clearence to be given by 10th Feb 2023 from JSW.
B30: Qty | D30: =D29*$D$1 -> 60 | E30: =E29*$E$1 -> 400 | F30: =F29*$F$1 -> 100 | G30: =G29*$G$1 -> 120 | H30: =H29*$H$1 -> 250 | I30: =I29*$I$1 -> 0 | J30: =SUM(C30:I30) -> 930
A31: Total | B31: Nos. | C31: =C5+C19 -> 53 | D31: =D5+D19 -> 53 | E31: =E5+E19 -> 37 | F31: =F5+F19 -> 37 | G31: =G5+G19 -> 20 | H31: =H5+H19 -> 170 | I31: =I5+I19 -> 20
B32: Qty | C32: =C6+C20 -> 0 | D32: =D6+D20 -> 159 | E32: =E6+E20 -> 740 | F32: =F6+F20 -> 185 | G32: =G6+G20 -> 120 | H32: =H6+H20 -> 850 | I32: =I6+I20 -> 300 | J32: =SUM(C32:I32) -> 2354
J36: Pre-cast | K36: Week-wise Planned
K37: Week 1 (1 to 8) | M37: =$O$10*N37 -> 495.87156 | N37: 0.23955148
K38: Week 2 (9 to 16) | M38: =$O$10*N38 -> 518.02752 | N38: 0.25025484
K39: Week 3 (17 to 24) | M39: =$O$10*N39 -> 518.02752 | N39: 0.25025484
K40: Week 4 (25 to 31) | M40: =$O$10*N40 -> 538.07339 | N40: 0.25993884
K41: Total | M41: =SUM(M37:M40) -> 2070
J42: Cast-in-situ | K42: Week-wise Planned
K43: Week 1 (1 to 8) | M43: =$J$32*N43 -> 494.10346 | N43: 0.20989952 | O43: =(N37+N43)/2 -> 0.2247255 | P43: =O43+O44 -> 0.48476174
K44: Week 2 (9 to 16) | M44: =$J$32*N44 -> 635.15073 | N44: 0.26981764 | O44: =(N38+N44)/2 -> 0.26003624
K45: Week 3 (17 to 24) | M45: =$J$32*N45 -> 635.15073 | N45: 0.26981764 | O45: =(N39+N45)/2 -> 0.26003624
K46: Week 4 (25 to 31) | M46: =$J$32*N46 -> 589.59509 | N46: 0.2504652 | O46: =(N40+N46)/2 -> 0.25520202
K47: Total | M47: =SUM(M43:M46) -> 2354
K49: Monthly Concreting Target | M49: =M41+M47 -> 4424 | N49: cum
C51: 12 | D51: 12 | E51: 12 | F51: 12 | G51: 0.5
A52: Erection
C53: Track beam with nose | D53: Track beam without nose | E53: U-section beam | F53: h-section beam | G53: Pre-cast Slab | H53: Total
A54: Priority Section-1 | B54: Nos. | C54: =C56+C58+C60+C62+C64+C66 -> 29 | D54: =D56+D58+D60+D62+D64+D66 -> 28 | E54: =E56+E58+E60+E62+E64+E66 -> 13 | F54: =F56+F58+F60+F62+F64+F66 -> 17 | G54: =G56+G58+G60+G62+G64+G66 -> 93 | H54: =SUM(C54:G54) -> 180 | U54: Month Plan | V54: Interim
B55: Qty | C55: =C57+C59+C61+C63+C65+C67 -> 348 | D55: =D57+D59+D61+D63+D65+D67 -> 336 | E55: =E57+E59+E61+E63+E65+E67 -> 156 | F55: =F57+F59+F61+F63+F65+F67 -> 204 | G55: =G57+G59+G61+G63+G65+G67 -> 46.5 | H55: =SUM(C55:G55) -> 1090.5 | T55: Track beam with nose | U55: =C80 -> 29 | V55: =U55*$O$73 -> 8.7
A56: Part A | B56: Nos. | C56: 8 | E56: 4 | F56: 4 | G56: =12*6 -> 72 | H56: =SUM(C56:G56) -> 88 | P56: A | Q56: =H56 -> 88 | T56: Track beam without nose | U56: =D80 -> 28 | V56: =U56*$O$73 -> 8.4
B57: Qty | C57: =C56*$C$51 -> 96 | D57: =D56*$D$51 -> 0 | E57: =E56*$E$51 -> 48 | F57: =F56*$F$51 -> 48 | G57: =G56*$G$51 -> 36 | H57: =SUM(C57:G57) -> 228 | P57: B | Q57: =H58 -> 13 | T57: h-section beam | U57: =E80 -> 13 | V57: =U57*$O$73 -> 3.9
A58: Part B | B58: Nos. | C58: 3 | D58: 4 | E58: 2 | F58: 1 | G58: 3 | H58: =SUM(C58:G58) -> 13 | P58: C | Q58: =H62 -> 0 | T58: U-section beam | U58: =F80 -> 17 | V58: =U58*$O$73 -> 5.1
B59: Qty | C59: =C58*$C$51 -> 36 | D59: =D58*$D$51 -> 48 | E59: =E58*$E$51 -> 24 | F59: =F58*$F$51 -> 12 | G59: =G58*$G$51 -> 1.5 | H59: =SUM(C59:G59) -> 121.5 | P59: D | Q59: =H66 -> 0 | T59: Pre-cast Slab | U59: =G80 -> 93 | V59: =U59*$O$73 -> 27.9
A60: Part H | B60: Nos. | C60: 18 | D60: 24 | E60: 7 | F60: 12 | G60: 18 | H60: =SUM(C60:G60) -> 79 | P60: E | Q60: =H70 -> 0
B61: Qty | C61: =C60*$C$51 -> 216 | D61: =D60*$D$51 -> 288 | E61: =E60*$E$51 -> 84 | F61: =F60*$F$51 -> 144 | G61: =G60*$G$51 -> 9 | H61: =SUM(C61:G61) -> 741 | P61: F | Q61: =H72 -> 0
A62: Part C | B62: Nos. | P62: G | Q62: =H74 -> 0
B63: Qty | C63: =C62*$C$51 -> 0 | D63: =D62*$D$51 -> 0 | E63: =E62*$E$51 -> 0 | F63: =F62*$F$51 -> 0 | G63: =G62*$G$51 -> 0 | H63: =SUM(C63:G63) -> 0 | P63: H | Q63: =H60 -> 79
A64: Part I | B64: Nos. | H64: =SUM(C64:G64) -> 0 | P64: I | Q64: =H64 -> 0
B65: Qty | C65: =C64*$C$51 -> 0 | D65: =D64*$D$51 -> 0 | E65: =E64*$E$51 -> 0 | F65: =F64*$F$51 -> 0 | G65: =G64*$G$51 -> 0 | H65: =SUM(C65:G65) -> 0 | P65: J | Q65: =H76 -> 0
A66: Part D | B66: Nos. | H66: =SUM(C66:G66) -> 0 | P66: K | Q66: =H78 -> 0
B67: Qty | C67: =C66*$C$51 -> 0 | D67: =D66*$D$51 -> 0 | E67: =E66*$E$51 -> 0 | F67: =F66*$F$51 -> 0 | G67: =G66*$G$51 -> 0 | H67: =SUM(C67:G67) -> 0 | Q67: =SUM(Q56:Q66) -> 180
A68: Priority Section-2 | B68: Nos. | C68: =C70+C72+C74+C76+C78 -> 0 | D68: =D70+D72+D74+D76+D78 -> 0 | E68: =E70+E72+E74+E76+E78 -> 0 | F68: =F70+F72+F74+F76+F78 -> 0 | G68: =G70+G72+G74+G76+G78 -> 0 | H68: =SUM(C68:G68) -> 0
B69: Qty | C69: =C71+C73+C75+C77+C79 -> 0 | D69: =D71+D73+D75+D77+D79 -> 0 | E69: =E71+E73+E75+E77+E79 -> 0 | F69: =F71+F73+F75+F77+F79 -> 0 | G69: =G71+G73+G75+G77+G79 -> 0 | H69: =SUM(C69:G69) -> 0
A70: Part E | B70: Nos. | H70: =SUM(C70:G70) -> 0
B71: Qty | C71: =C70*$C$51 -> 0 | D71: =D70*$D$51 -> 0 | E71: =E70*$E$51 -> 0 | F71: =F70*$F$51 -> 0 | G71: =G70*$G$51 -> 0 | H71: =SUM(C71:G71) -> 0
A72: Part F | B72: Nos. | H72: =SUM(C72:G72) -> 0 | J72: Pre-cast Segment Erection | K72: Week-wise Planned
B73: Qty | C73: =C72*$C$51 -> 0 | D73: =D72*$D$51 -> 0 | E73: =E72*$E$51 -> 0 | F73: =F72*$F$51 -> 0 | G73: =G72*$G$51 -> 0 | H73: =SUM(C73:G73) -> 0 | K73: Week 1 (1 to 8) | M73: =$H$80*N73 -> 18 | N73: 0.1 | O73: =N73+N74 -> 0.3
A74: Part G | B74: Nos. | H74: =SUM(C74:G74) -> 0 | K74: Week 2 (9 to 16) | M74: =$H$80*N74 -> 36 | N74: 0.2
B75: Qty | C75: =C74*$C$51 -> 0 | D75: =D74*$D$51 -> 0 | E75: =E74*$E$51 -> 0 | F75: =F74*$F$51 -> 0 | G75: =G74*$G$51 -> 0 | H75: =SUM(C75:G75) -> 0 | K75: Week 3 (17 to 24) | M75: =$H$80*N75 -> 63 | N75: 0.35
A76: Part J | B76: Nos. | H76: =SUM(C76:G76) -> 0 | K76: Week 4 (25 to 31) | M76: =$H$80*N76 -> 63 | N76: 0.35
B77: Qty | C77: =C76*$C$51 -> 0 | D77: =D76*$D$51 -> 0 | E77: =E76*$E$51 -> 0 | F77: =F76*$F$51 -> 0 | G77: =G76*$G$51 -> 0 | H77: =SUM(C77:G77) -> 0 | K77: Total | M77: =SUM(M73:M76) -> 180
A78: Part K | B78: Nos. | H78: =SUM(C78:G78) -> 0
B79: Qty | C79: =C78*$C$51 -> 0 | D79: =D78*$D$51 -> 0 | E79: =E78*$E$51 -> 0 | F79: =F78*$F$51 -> 0 | G79: =G78*$G$51 -> 0 | H79: =SUM(C79:G79) -> 0
A80: Total | B80: Nos. | C80: =C54+C68 -> 29 | D80: =D54+D68 -> 28 | E80: =E54+E68 -> 13 | F80: =F54+F68 -> 17 | G80: =G54+G68 -> 93 | H80: =SUM(C80:G80) -> 180
B81: Qty | C81: =C55+C69 -> 348 | D81: =D55+D69 -> 336 | E81: =E55+E69 -> 156 | F81: =F55+F69 -> 204 | G81: =G55+G69 -> 46.5 | H81: =SUM(C81:G81) -> 1090.5
C83: FTM
A84: Track Linking
A86: A | C86: 0
A87: B | C87: 0
A88: C | C88: 0
A89: D | C89: 200
A90: E | C90: 0
A91: F | C91: 0
A92: G | C92: 0
A93: H | C93: 0
A94: I | C94: 0
A95: J | C95: 0
A96: K | C96: 0

Sheet Aug-23 Plan -old
D1: 3 | E1: 20 | F1: 5 | G1: 6 | H1: 5 | I1: 10 | J1: 35 | O1: 12 | P1: 0.5
A2: Concreting
A3: In-Situ | B3: SMS#4 Hot Metal Elevated Track ( In-Situ) | M3: Pre-cast | O3: SMS#4 Hot Metal Elevated Track (Pre-cast)
C4: Excavation | D4: PCC | E4: Foundation | F4: Step Footing | G4: Pier 1900 mm | H4: Pier 1600 mm | I4: Pier Cap | J4: Total | K4: Remarks | O4: Quantity | P4: Nos. | Q4: Remarks
A5: Priority Section-1 | B5: Nos. | C5: =C7+C9+C11+C13+C15+C17 -> 0 | D5: =D7+D9+D11+D13+D15+D17 -> 0 | E5: =E7+E9+E11+E13+E15+E17 -> 0 | F5: =F7+F9+F11+F13+F15+F17 -> 0 | G5: =G7+G9+G11+G13+G15+G17 -> 0 | H5: =H7+H9+H11+H13+H15+H17 -> 0 | I5: =I7+I9+I11+I13+I15+I17 -> 0 | M5: Track beam with nose | O5: =P5*$O$1 -> 720 | P5: 60 | Q5: Concrete with OPC cement to be available at JSW batching Plant
B6: Qty | C6: =C8+C10+C12+C14+C16+C18 -> 0 | D6: =D8+D10+D12+D14+D16+D18 -> 0 | E6: =E8+E10+E12+E14+E16+E18 -> 0 | F6: =F8+F10+F12+F14+F16+F18 -> 0 | G6: =G8+G10+G12+G14+G16+G18 -> 0 | H6: =H8+H10+H12+H14+H16+H18 -> 0 | I6: =I8+I10+I12+I14+I16+I18 -> 0 | J6: =SUM(C6:I6) -> 0 | M6: Track beam without nose | O6: =P6*$O$1 -> 720 | P6: 60
A7: Part A | B7: Nos. | M7: h-section beam | O7: =P7*$O$1 -> 240 | P7: 20
B8: Qty | D8: =D7*$D$1 -> 0 | E8: =E7*$E$1 -> 0 | F8: =F7*$F$1 -> 0 | G8: =G7*$G$1 -> 0 | H8: =H7*$H$1 -> 0 | I8: =I7*$I$1 -> 0 | J8: =SUM(C8:I8) -> 0 | M8: U-section beam | O8: =P8*$O$1 -> 240 | P8: 20
A9: Part B | B9: Nos. | M9: Pre-cast Slab | O9: =P9*P1 -> 30 | P9: 60
B10: Qty | D10: =D9*$D$1 -> 0 | E10: =E9*$E$1 -> 0 | F10: =F9*$F$1 -> 0 | G10: =G9*$G$1 -> 0 | H10: =H9*$H$1 -> 0 | I10: =I9*20 -> 0 | J10: =SUM(C10:I10) -> 0 | M10: Total: | O10: =SUM(O5:O9) -> 1950 | P10: =SUM(P5:P9) -> 220 | Z10: Pre-cast | AC10: Cast Insitu | AD10: Total | AE10: UOM | AF10: Track beam with nose | AG10: Track beam without nose | AH10: h-section beam | AI10: U-section beam | AJ10: Pre-cast Slab | AK10: Total
A11: Part H | B11: Nos. | U11: Month Plan | V11: Interim | AA11: Qty | AB11: Cum | AC11: Cum | AD11: Cum | AE11: Nos. | AF11: ='Plan- Rohan'!U80 -> 60 | AG11: ='Plan- Rohan'!V80 -> 60 | AH11: ='Plan- Rohan'!W80 -> 20 | AI11: ='Plan- Rohan'!X80 -> 20 | AJ11: ='Plan- Rohan'!Y80 -> 60 | AK11: ='Plan- Rohan'!Z80 -> 220
B12: Qty | D12: =D11*$D$1 -> 0 | E12: =E11*$E$1 -> 0 | F12: =F11*$F$1 -> 0 | G12: =G11*$G$1 -> 0 | H12: =H11*$H$1 -> 0 | I12: =I11*J1 -> 0 | J12: =SUM(C12:I12) -> 0 | M12: All qty are in Cum | P12: Cast-in-situ | Q12: Pre-cast | R12: Total | T12: PCC | U12: =D32 -> 0 | V12: =U12*$P$47 -> 0 | Z12: A | AA12: ='Plan- Rohan'!Z56 -> 0 | AB12: ='Plan- Rohan'!Z57 -> 0 | AC12: ='Plan- Rohan'!J8 -> 204 | AD12: =AB12+AC12 -> 204 | AE12: Qty | AF12: ='Plan- Rohan'!U81 -> 720 | AG12: ='Plan- Rohan'!V81 -> 720 | AH12: ='Plan- Rohan'!W81 -> 240 | AI12: ='Plan- Rohan'!X81 -> 240 | AJ12: ='Plan- Rohan'!Y81 -> 30 | AK12: ='Plan- Rohan'!Z81 -> 1950
A13: Part C | B13: Nos. | O13: A | P13: =J8 -> 0 | Q13: ='Precast- Segment Casting plan '!U14 -> 0 | R13: =P13+Q13 -> 0 | T13: RCC Foundation | U13: =E32 -> 0 | V13: =U13*$P$47 -> 0 | Z13: B | AA13: ='Plan- Rohan'!Z58 -> 0 | AB13: ='Plan- Rohan'!Z59 -> 0 | AC13: ='Plan- Rohan'!J10 -> 358 | AD13: =AB13+AC13 -> 358
B14: Qty | D14: =D13*$D$1 -> 0 | E14: =E13*$E$1 -> 0 | F14: =F13*$F$1 -> 0 | G14: =G13*$G$1 -> 0 | H14: =H13*$H$1 -> 0 | I14: =I13*$H$1 -> 0 | J14: =SUM(C14:I14) -> 0 | O14: B | P14: =J10 -> 0 | Q14: ='Precast- Segment Casting plan '!U15 -> 12 | R14: =P14+Q14 -> 12 | T14: Step Footing | U14: =F32 -> 50 | V14: =U14*$P$47 -> 24.238087 | Z14: C | AA14: ='Plan- Rohan'!Z62 -> 16 | AB14: ='Plan- Rohan'!Z63 -> 192 | AC14: ='Plan- Rohan'!J14 -> 0 | AD14: =AB14+AC14 -> 192
A15: Part I | B15: Nos. | O15: C | P15: =J14 -> 0 | Q15: ='Precast- Segment Casting plan '!U16 -> 96 | R15: =P15+Q15 -> 96 | T15: Pier 1900 mm | U15: =G32 -> 72 | V15: =U15*$P$47 -> 34.902845 | Z15: D | AA15: ='Plan- Rohan'!Z66 -> 0 | AB15: ='Plan- Rohan'!Z67 -> 0 | AC15: ='Plan- Rohan'!J18 -> 0 | AD15: =AB15+AC15 -> 0
B16: Qty | D16: =D15*$D$1 -> 0 | E16: =E15*$E$1 -> 0 | F16: =F15*$F$1 -> 0 | G16: =G15*$G$1 -> 0 | H16: =H15*$H$1 -> 0 | I16: =I15*$I$1 -> 0 | J16: =SUM(C16:I16) -> 0 | O16: D | P16: =J18 -> 0 | Q16: ='Precast- Segment Casting plan '!U17 -> 0 | R16: =P16+Q16 -> 0 | T16: Pier 1600 mm | U16: =H32 -> 600 | V16: =U16*$P$47 -> 290.85704 | Z16: E | AA16: ='Plan- Rohan'!Z70 -> 0 | AB16: ='Plan- Rohan'!Z71 -> 0 | AC16: ='Plan- Rohan'!J20 -> 0 | AD16: =AB16+AC16 -> 0
A17: Part D | B17: Nos. | O17: E | P17: =J22 -> 0 | Q17: ='Precast- Segment Casting plan '!U18 -> 48 | R17: =P17+Q17 -> 48 | T17: Pier Cap | U17: =I32 -> 604 | V17: =U17*$P$47 -> 292.79609 | Z17: F | AA17: ='Plan- Rohan'!Z72 -> 0 | AB17: ='Plan- Rohan'!Z73 -> 0 | AC17: ='Plan- Rohan'!J22 -> 150 | AD17: =AB17+AC17 -> 150
B18: Qty | D18: =D17*$D$1 -> 0 | E18: =E17*$E$1 -> 0 | F18: =F17*$F$1 -> 0 | G18: =G17*$G$1 -> 0 | H18: =H17*$H$1 -> 0 | I18: =I17*20 -> 0 | J18: =SUM(C18:I18) -> 0 | O18: F | P18: =J24 -> 440 | Q18: ='Precast- Segment Casting plan '!U19 -> 0 | R18: =P18+Q18 -> 440 | T18: Track Beam with Nose | U18: =O5 -> 720 | V18: =U18*$P$47 -> 349.02845 | Z18: G | AA18: ='Plan- Rohan'!Z74 -> 159 | AB18: ='Plan- Rohan'!Z75 -> 1218 | AC18: ='Plan- Rohan'!J24 -> 452 | AD18: =AB18+AC18 -> 1670
A19: Priority Section-2 | B19: Nos. | C19: =C21+C23+C25+C27+C29 -> 0 | D19: =D21+D23+D25+D27+D29 -> 0 | E19: =E21+E23+E25+E27+E29 -> 0 | F19: =F21+F23+F25+F27+F29 -> 10 | G19: =G21+G23+G25+G27+G29 -> 12 | H19: =H21+H23+H25+H27+H29 -> 120 | I19: =I21+I23+I25+I27+I29 -> 25 | O19: G | P19: =J26 -> 156 | Q19: ='Precast- Segment Casting plan '!U20 -> 286 | R19: =P19+Q19 -> 442 | T19: Track Beam without Nose | U19: =O6 -> 720 | V19: =U19*$P$47 -> 349.02845 | Z19: H | AA19: ='Plan- Rohan'!Z60 -> 5 | AB19: ='Plan- Rohan'!Z61 -> 60 | AC19: ='Plan- Rohan'!J12 -> 68 | AD19: =AB19+AC19 -> 128
B20: Qty | C20: =C22+C24+C26+C28+C30 -> 0 | D20: =D22+D24+D26+D28+D30 -> 0 | E20: =E22+E24+E26+E28+E30 -> 0 | F20: =F22+F24+F26+F28+F30 -> 50 | G20: =G22+G24+G26+G28+G30 -> 72 | H20: =H22+H24+H26+H28+H30 -> 600 | I20: =I22+I24+I26+I28+I30 -> 604 | J20: =SUM(C20:I20) -> 1326 | O20: H | P20: =J12 -> 0 | Q20: ='Precast- Segment Casting plan '!U21 -> 96 | R20: =P20+Q20 -> 96 | T20: H - Section Beam | U20: =O7 -> 240 | V20: =U20*$P$47 -> 116.34282 | Z20: I | AA20: ='Plan- Rohan'!Z64 -> 40 | AB20: ='Plan- Rohan'!Z65 -> 480 | AC20: ='Plan- Rohan'!J16 -> 0 | AD20: =AB20+AC20 -> 480
A21: Part E | B21: Nos. | O21: I | P21: =J16 -> 0 | Q21: ='Precast- Segment Casting plan '!U22 -> 12 | R21: =P21+Q21 -> 12 | T21: U - Section Beam | U21: =O8 -> 240 | V21: =U21*$P$47 -> 116.34282 | Z21: J | AA21: ='Plan- Rohan'!Z76 -> 0 | AB21: ='Plan- Rohan'!Z77 -> 0 | AC21: ='Plan- Rohan'!J26 -> 278 | AD21: =AB21+AC21 -> 278
B22: Qty | D22: =D21*$D$1 -> 0 | E22: =E21*$E$1 -> 0 | F22: =F21*$F$1 -> 0 | G22: =G21*$G$1 -> 0 | H22: =H21*$H$1 -> 0 | I22: =I21*$I$1 -> 0 | J22: =SUM(C22:I22) -> 0 | O22: J | P22: =J28 -> 268 | Q22: ='Precast- Segment Casting plan '!U23 -> 696 | R22: =P22+Q22 -> 964 | T22: Pre-cast Slab | U22: =O9 -> 30 | V22: =U22*$P$47 -> 14.542852 | Z22: K | AA22: ='Plan- Rohan'!Z78 -> 0 | AB22: ='Plan- Rohan'!Z79 -> 0 | AC22: ='Plan- Rohan'!J28 -> 594 | AD22: =AB22+AC22 -> 594
A23: Part F | B23: Nos. | H23: 20 | I23: 13 | O23: K | P23: =J30 -> 462 | Q23: ='Precast- Segment Casting plan '!U24 -> 334 | R23: =P23+Q23 -> 796 | T23: Abutment wall- PART-A | U23: =J33 -> 280 | V23: =U23*$P$47 -> 135.73329 | Z23: Abutment wall- PART-A | AC23: ='Plan- Rohan'!J29 -> 84 | AD23: =AB23+AC23 -> 84
B24: Qty | D24: =D23*$D$1 -> 0 | E24: =E23*$E$1 -> 0 | F24: =F23*$F$1 -> 0 | G24: =G23*$G$1 -> 0 | H24: =H23*$H$1 -> 100 | I24: =3*10+5*26+5*36 -> 340 | J24: =SUM(C24:I24) -> 440 | O24: Abutment wall- PART-A | P24: 280 | R24: =P24+Q24 -> 280 | T24: Abutment wall- PART-D | Z24: Abutment wall- PART-D | AD24: =AB24+AC24 -> 0
A25: Part G | B25: Nos. | I25: 6 | O25: Abutment wall- PART-D | P25: 0 | R25: =P25+Q25 -> 0 | T25: Cast In-situ slab- 1- PART-G | Z25: Cast In-situ slab- 1- PART-G | AD25: =AB25+AC25 -> 0
B26: Qty | D26: =D25*$D$1 -> 0 | E26: =E25*$E$1 -> 0 | F26: =F25*$F$1 -> 0 | G26: =G25*$G$1 -> 0 | H26: =H25*$H$1 -> 0 | I26: =I25*26 -> 156 | J26: =SUM(C26:I26) -> 156 | O26: Cast In-situ slab- 1- PART-G | P26: 0 | R26: =P26+Q26 -> 0 | T26: Cast In-situ slab- 2- PART-G | Z26: Cast In-situ slab- 2- PART-G | AD26: =AB26+AC26 -> 0
A27: Part J | B27: Nos. | H27: 32 | I27: 6 | O27: Cast In-situ slab- 2- PART-G | P27: 0 | R27: =P27+Q27 -> 0 | T27: Cast In-situ slab- PART-C | Z27: Cast In-situ slab- PART-C | AD27: =AB27+AC27 -> 0
B28: Qty | D28: =D27*$D$1 -> 0 | E28: =E27*$E$1 -> 0 | F28: =F27*$F$1 -> 0 | G28: =G27*$G$1 -> 0 | H28: =H27*$H$1 -> 160 | I28: =3*10+3*26 -> 108 | J28: =SUM(C28:I28) -> 268 | O28: Cast In-situ slab- PART-C | P28: 0 | R28: =P28+Q28 -> 0 | AA28: =SUM(AA12:AA27) -> 220 | AB28: =SUM(AB12:AB27) -> 1950 | AC28: =SUM(AC12:AC27) -> 2188 | AD28: =SUM(AD12:AD27) -> 4138
A29: Part K | B29: Nos. | F29: 10 | G29: 12 | H29: =(24*5)-H27-H23 -> 68 | P29: =SUM(P13:P28) -> 1606 | Q29: =SUM(Q13:Q28) -> 1580 | R29: =SUM(R13:R28) -> 3186
B30: Qty | D30: =D29*$D$1 -> 0 | E30: =E29*$E$1 -> 0 | F30: =F29*$F$1 -> 50 | G30: =G29*$G$1 -> 72 | H30: =H29*$H$1 -> 340 | I30: =I29*$I$1 -> 0 | J30: =SUM(C30:I30) -> 462
A31: Total | B31: Nos. | C31: =C5+C19 -> 0 | D31: =D5+D19 -> 0 | E31: =E5+E19 -> 0 | F31: =F5+F19 -> 10 | G31: =G5+G19 -> 12 | H31: =H5+H19 -> 120 | I31: =I5+I19 -> 25
B32: Qty | C32: =C6+C20 -> 0 | D32: =D6+D20 -> 0 | E32: =E6+E20 -> 0 | F32: =F6+F20 -> 50 | G32: =G6+G20 -> 72 | H32: =H6+H20 -> 600 | I32: =I6+I20 -> 604 | J32: =SUM(C32:I32) -> 1326
A33: Abutment wall- PART-A | D33: 25 | E33: 255 | J33: =SUM(C33:I33) -> 280
A34: Abutment wall- PART-D
A35: Cast In-situ slab- 1- PART-G
A36: Cast In-situ slab- 2- PART-G
A37: Cast In-situ slab- PART-C
A38: Cast Insitu | J38: =SUM(C38:I38) -> 0
J39: =SUM(J32:J38) -> 1606
J40: Pre-cast | K40: Week-wise Planned
K41: Week 1 (1 to 8) | M41: =$O$10*N41 -> 467.12538 | N41: 0.23955148
K42: Week 2 (9 to 16) | M42: =$O$10*N42 -> 487.99694 | N42: 0.25025484
K43: Week 3 (17 to 24) | M43: =$O$10*N43 -> 487.99694 | N43: 0.25025484
K44: Week 4 (25 to 31) | M44: =$O$10*N44 -> 506.88073 | N44: 0.25993884
K45: Total | M45: =SUM(M41:M44) -> 1950
J46: Cast-in-situ | K46: Week-wise Planned
K47: Week 1 (1 to 8) | M47: =$J$39*N47 -> 337.09862 | N47: 0.20989952 | O47: =(N41+N47)/2 -> 0.2247255 | P47: =O47+O48 -> 0.48476174
K48: Week 2 (9 to 16) | M48: =$J$39*N48 -> 433.32713 | N48: 0.26981764 | O48: =(N42+N48)/2 -> 0.26003624
K49: Week 3 (17 to 24) | M49: =$J$39*N49 -> 433.32713 | N49: 0.26981764 | O49: =(N43+N49)/2 -> 0.26003624
K50: Week 4 (25 to 31) | M50: =$J$39*N50 -> 402.24712 | N50: 0.2504652 | O50: =(N44+N50)/2 -> 0.25520202
K51: Total | M51: =SUM(M47:M50) -> 1606
K53: Monthly Concreting Target | M53: =M45+M51 -> 3556 | N53: cum
C55: 12 | D55: 12 | E55: 12 | F55: 12 | G55: 0.5
A56: Erection
C57: Track beam with nose | D57: Track beam without nose | E57: U-section beam | F57: h-section beam | G57: Pre-cast Slab | H57: Total | U57: Erection
A58: Priority Section-1 | B58: Nos. | C58: =C60+C62+C64+C66+C68+C70 -> 31 | D58: =D60+D62+D64+D66+D68+D70 -> 25 | E58: =E60+E62+E64+E66+E68+E70 -> 12 | F58: =F60+F62+F64+F66+F68+F70 -> 18 | G58: =G60+G62+G64+G66+G68+G70 -> 39 | H58: =SUM(C58:G58) -> 125 | Q58: Erection | U58: Month Plan | V58: Interim
B59: Qty | C59: =C61+C63+C65+C67+C69+C71 -> 228 | D59: =D61+D63+D65+D67+D69+D71 -> 96 | E59: =E61+E63+E65+E67+E69+E71 -> 96 | F59: =F61+F63+F65+F67+F69+F71 -> 120 | G59: =G61+G63+G65+G67+G69+G71 -> 324 | H59: =SUM(C59:G59) -> 864 | T59: Track beam with nose | U59: =C84 -> 31 | V59: =U59*$O$77 -> 9.3
A60: Part A | B60: Nos. | H60: =SUM(C60:G60) -> 0 | P60: A | Q60: =H60 -> 0 | T60: Track beam without nose | U60: =D84 -> 25 | V60: =U60*$O$77 -> 7.5
B61: Qty | H61: =SUM(C61:G61) -> 0 | P61: B | Q61: =H62 -> 0 | T61: h-section beam | U61: =E84 -> 12 | V61: =U61*$O$77 -> 3.6
A62: Part B | B62: Nos. | H62: =SUM(C62:G62) -> 0 | P62: C | Q62: =H66 -> 72 | T62: U-section beam | U62: =F84 -> 18 | V62: =U62*$O$77 -> 5.4
B63: Qty | H63: =SUM(C63:G63) -> 0 | P63: D | Q63: =H70 -> 0 | T63: Pre-cast Slab | U63: =G84 -> 39 | V63: =U63*$O$77 -> 11.7
A64: Part H | B64: Nos. | C64: 12 | D64: 17 | E64: 4 | F64: 8 | G64: 12 | H64: =SUM(C64:G64) -> 53 | P64: E | Q64: =H74 -> 0
B65: Qty | H65: =SUM(C65:G65) -> 0 | P65: F | Q65: =H76 -> 0
A66: Part C | B66: Nos. | C66: 19 | D66: 8 | E66: 8 | F66: 10 | G66: 27 | H66: =SUM(C66:G66) -> 72 | P66: G | Q66: =H78 -> 0
B67: Qty | C67: =C66*$O$1 -> 228 | D67: =D66*$O$1 -> 96 | E67: =E66*$O$1 -> 96 | F67: =F66*$O$1 -> 120 | G67: =G66*$O$1 -> 324 | H67: =SUM(C67:G67) -> 864 | P67: H | Q67: =H64 -> 53
A68: Part I | B68: Nos. | H68: =SUM(C68:G68) -> 0 | P68: I | Q68: =H68 -> 0
B69: Qty | C69: =C68*$O$1 -> 0 | D69: =D68*$O$1 -> 0 | E69: =E68*$O$1 -> 0 | F69: =F68*$O$1 -> 0 | G69: =G68*$O$1 -> 0 | H69: =SUM(C69:G69) -> 0 | P69: J | Q69: =H80 -> 0
A70: Part D | B70: Nos. | H70: =SUM(C70:G70) -> 0 | P70: K | Q70: =H82 -> 0
B71: Qty | C71: =C70*$O$1 -> 0 | D71: =D70*$O$1 -> 0 | E71: =E70*$O$1 -> 0 | F71: =F70*$O$1 -> 0 | G71: =G70*$O$1 -> 0 | H71: =SUM(C71:G71) -> 0 | Q71: =SUM(Q60:Q70) -> 125
A72: Priority Section-2 | B72: Nos. | C72: =C74+C76+C78+C80+C82 -> 0 | D72: =D74+D76+D78+D80+D82 -> 0 | E72: =E74+E76+E78+E80+E82 -> 0 | F72: =F74+F76+F78+F80+F82 -> 0 | G72: =G74+G76+G78+G80+G82 -> 0 | H72: =SUM(C72:G72) -> 0
B73: Qty | C73: =C75+C77+C79+C81+C83 -> 0 | D73: =D75+D77+D79+D81+D83 -> 0 | E73: =E75+E77+E79+E81+E83 -> 0 | F73: =F75+F77+F79+F81+F83 -> 0 | G73: =G75+G77+G79+G81+G83 -> 0 | H73: =SUM(C73:G73) -> 0
A74: Part E | B74: Nos. | H74: =SUM(C74:G74) -> 0
B75: Qty | C75: =C74*$C$55 -> 0 | D75: =D74*$D$55 -> 0 | E75: =E74*$E$55 -> 0 | F75: =F74*$F$55 -> 0 | G75: =G74*$G$55 -> 0 | H75: =SUM(C75:G75) -> 0
A76: Part F | B76: Nos. | H76: =SUM(C76:G76) -> 0 | J76: Pre-cast Segment Erection | K76: Week-wise Planned
B77: Qty | C77: =C76*$C$55 -> 0 | D77: =D76*$D$55 -> 0 | E77: =E76*$E$55 -> 0 | F77: =F76*$F$55 -> 0 | G77: =G76*$G$55 -> 0 | H77: =SUM(C77:G77) -> 0 | K77: Week 1 (1 to 8) | M77: =$H$84*N77 -> 12.5 | N77: 0.1 | O77: =N77+N78 -> 0.3
A78: Part G | B78: Nos. | H78: =SUM(C78:G78) -> 0 | K78: Week 2 (9 to 16) | M78: =$H$84*N78 -> 25 | N78: 0.2
B79: Qty | C79: =C78*$C$55 -> 0 | D79: =D78*$D$55 -> 0 | E79: =E78*$E$55 -> 0 | F79: =F78*$F$55 -> 0 | G79: =G78*$G$55 -> 0 | H79: =SUM(C79:G79) -> 0 | K79: Week 3 (17 to 24) | M79: =$H$84*N79 -> 43.75 | N79: 0.35
A80: Part J | B80: Nos. | H80: =SUM(C80:G80) -> 0 | K80: Week 4 (25 to 31) | M80: =$H$84*N80 -> 43.75 | N80: 0.35
B81: Qty | C81: =C80*$C$55 -> 0 | D81: =D80*$D$55 -> 0 | E81: =E80*$E$55 -> 0 | F81: =F80*$F$55 -> 0 | G81: =G80*$G$55 -> 0 | H81: =SUM(C81:G81) -> 0 | K81: Total | M81: =SUM(M77:M80) -> 125
A82: Part K | B82: Nos. | H82: =SUM(C82:G82) -> 0
B83: Qty | C83: =C82*$C$55 -> 0 | D83: =D82*$D$55 -> 0 | E83: =E82*$E$55 -> 0 | F83: =F82*$F$55 -> 0 | G83: =G82*$G$55 -> 0 | H83: =SUM(C83:G83) -> 0
A84: Total | B84: Nos. | C84: =C58+C72 -> 31 | D84: =D58+D72 -> 25 | E84: =E58+E72 -> 12 | F84: =F58+F72 -> 18 | G84: =G58+G72 -> 39 | H84: =SUM(C84:G84) -> 125
B85: Qty | C85: =C59+C73 -> 228 | D85: =D59+D73 -> 96 | E85: =E59+E73 -> 96 | F85: =F59+F73 -> 120 | G85: =G59+G73 -> 324 | H85: =SUM(C85:G85) -> 864
C87: FTM
A88: Track Linking
A90: A | C90: 150
A91: B | C91: 90
A92: C | C92: 0
A93: D | C93: 0
A94: E | C94: 0
A95: F | C95: 0
A96: G | C96: 0
A97: H | C97: 0
A98: I | C98: 0
A99: J | C99: 0
A100: K | C100: 0

Sheet Sep-23 Plan-Old
D1: 3 | E1: 20 | F1: 5 | G1: 6 | H1: 5 | I1: 10 | J1: 35 | O1: 12 | P1: 0.5
A2: Concreting
A3: In-Situ | B3: SMS#4 Hot Metal Elevated Track ( In-Situ) | M3: Pre-cast | O3: SMS#4 Hot Metal Elevated Track (Pre-cast)
C4: Excavation | D4: PCC | E4: Foundation | F4: Step Footing | G4: Pier 1900 mm | H4: Pier 1600 mm | I4: Pier Cap | J4: Total | K4: Remarks | O4: Quantity | P4: Nos. | Q4: Remarks
A5: Priority Section-1 | B5: Nos. | C5: =C7+C9+C11+C13+C15+C17 -> 22 | D5: =D7+D9+D11+D13+D15+D17 -> 24 | E5: =E7+E9+E11+E13+E15+E17 -> 18 | F5: =F7+F9+F11+F13+F15+F17 -> 18 | G5: =G7+G9+G11+G13+G15+G17 -> 18 | H5: =H7+H9+H11+H13+H15+H17 -> 0 | I5: =I7+I9+I11+I13+I15+I17 -> 0 | M5: Track beam with nose | O5: =P5*$O$1 -> 720 | P5: 60 | Q5: Concrete with OPC cement to be available at JSW batching Plant
B6: Qty | C6: =C8+C10+C12+C14+C16+C18 -> 0 | D6: =D8+D10+D12+D14+D16+D18 -> 72 | E6: =E8+E10+E12+E14+E16+E18 -> 360 | F6: =F8+F10+F12+F14+F16+F18 -> 90 | G6: =G8+G10+G12+G14+G16+G18 -> 108 | H6: =H8+H10+H12+H14+H16+H18 -> 0 | I6: =I8+I10+I12+I14+I16+I18 -> 0 | J6: =SUM(C6:I6) -> 630 | M6: Track beam without nose | O6: =P6*$O$1 -> 720 | P6: 60
A7: Part A | B7: Nos. | C7: 6 | D7: 6 | E7: 6 | F7: 6 | G7: 6 | M7: h-section beam | O7: =P7*$O$1 -> 240 | P7: 20
B8: Qty | D8: =D7*$D$1 -> 18 | E8: =E7*$E$1 -> 120 | F8: =F7*$F$1 -> 30 | G8: =G7*$G$1 -> 36 | H8: =H7*$H$1 -> 0 | I8: =I7*$I$1 -> 0 | J8: =SUM(D8:I8) -> 204 | M8: U-section beam | O8: =P8*$O$1 -> 240 | P8: 20
A9: Part B | B9: Nos. | C9: 16 | D9: 16 | E9: 10 | F9: 10 | G9: 10 | M9: Pre-cast Slab | O9: =P9*P1 -> 30 | P9: 60
B10: Qty | D10: =D9*$D$1 -> 48 | E10: =E9*$E$1 -> 200 | F10: =F9*$F$1 -> 50 | G10: =G9*$G$1 -> 60 | H10: =H9*$H$1 -> 0 | I10: =I9*20 -> 0 | J10: =SUM(D10:I10) -> 358 | M10: Total: | O10: =SUM(O5:O9) -> 1950 | P10: =SUM(P5:P9) -> 220 | Z10: Pre-cast | AC10: Cast Insitu | AD10: Total | AE10: UOM | AF10: Track beam with nose | AG10: Track beam without nose | AH10: h-section beam | AI10: U-section beam | AJ10: Pre-cast Slab | AK10: Total
A11: Part H | B11: Nos. | D11: 2 | E11: 2 | F11: 2 | G11: 2 | U11: Month Plan | V11: Interim | AA11: Qty | AB11: Cum | AC11: Cum | AD11: Cum | AE11: Nos. | AF11: ='Plan- Rohan'!U80 -> 60 | AG11: ='Plan- Rohan'!V80 -> 60 | AH11: ='Plan- Rohan'!W80 -> 20 | AI11: ='Plan- Rohan'!X80 -> 20 | AJ11: ='Plan- Rohan'!Y80 -> 60 | AK11: ='Plan- Rohan'!Z80 -> 220
B12: Qty | D12: =D11*$D$1 -> 6 | E12: =E11*$E$1 -> 40 | F12: =F11*$F$1 -> 10 | G12: =G11*$G$1 -> 12 | H12: =H11*$H$1 -> 0 | J12: =SUM(D12:I12) -> 68 | M12: All qty are in Cum | P12: Cast-in-situ | Q12: Pre-cast | R12: Total | T12: PCC | U12: =D32 -> 108 | V12: =U12*$P$47 -> 52.354268 | Z12: A | AA12: ='Plan- Rohan'!Z56 -> 0 | AB12: ='Plan- Rohan'!Z57 -> 0 | AC12: ='Plan- Rohan'!J8 -> 204 | AD12: =AB12+AC12 -> 204 | AE12: Qty | AF12: ='Plan- Rohan'!U81 -> 720 | AG12: ='Plan- Rohan'!V81 -> 720 | AH12: ='Plan- Rohan'!W81 -> 240 | AI12: ='Plan- Rohan'!X81 -> 240 | AJ12: ='Plan- Rohan'!Y81 -> 30 | AK12: ='Plan- Rohan'!Z81 -> 1950
A13: Part C | B13: Nos. | O13: A | P13: =J8 -> 204 | Q13: ='Precast- Segment Casting plan '!U14 -> 0 | R13: =P13+Q13 -> 204 | T13: RCC Foundation | U13: =E32 -> 600 | V13: =U13*$P$47 -> 290.85704 | Z13: B | AA13: ='Plan- Rohan'!Z58 -> 0 | AB13: ='Plan- Rohan'!Z59 -> 0 | AC13: ='Plan- Rohan'!J10 -> 358 | AD13: =AB13+AC13 -> 358
B14: Qty | D14: =D13*$D$1 -> 0 | E14: =E13*$E$1 -> 0 | F14: =F13*$F$1 -> 0 | G14: =G13*$G$1 -> 0 | H14: =H13*$H$1 -> 0 | J14: =SUM(D14:I14) -> 0 | O14: B | P14: =J10 -> 358 | Q14: ='Precast- Segment Casting plan '!U15 -> 12 | R14: =P14+Q14 -> 370 | T14: Step Footing | U14: =F32 -> 150 | V14: =U14*$P$47 -> 72.714261 | Z14: C | AA14: ='Plan- Rohan'!Z62 -> 16 | AB14: ='Plan- Rohan'!Z63 -> 192 | AC14: ='Plan- Rohan'!J14 -> 0 | AD14: =AB14+AC14 -> 192
A15: Part I | B15: Nos. | O15: C | P15: =J14 -> 0 | Q15: ='Precast- Segment Casting plan '!U16 -> 96 | R15: =P15+Q15 -> 96 | T15: Pier 1900 mm | U15: =G32 -> 240 | V15: =U15*$P$47 -> 116.34282 | Z15: D | AA15: ='Plan- Rohan'!Z66 -> 0 | AB15: ='Plan- Rohan'!Z67 -> 0 | AC15: ='Plan- Rohan'!J18 -> 0 | AD15: =AB15+AC15 -> 0
B16: Qty | D16: =D15*$D$1 -> 0 | E16: =E15*$E$1 -> 0 | F16: =F15*$F$1 -> 0 | G16: =G15*$G$1 -> 0 | H16: =H15*$H$1 -> 0 | I16: =I15*$I$1 -> 0 | J16: =SUM(D16:I16) -> 0 | O16: D | P16: =J18 -> 0 | Q16: ='Precast- Segment Casting plan '!U17 -> 0 | R16: =P16+Q16 -> 0 | T16: Pier 1600 mm | U16: =H32 -> 500 | V16: =U16*$P$47 -> 242.38087 | Z16: E | AA16: ='Plan- Rohan'!Z70 -> 0 | AB16: ='Plan- Rohan'!Z71 -> 0 | AC16: ='Plan- Rohan'!J20 -> 0 | AD16: =AB16+AC16 -> 0
A17: Part D | B17: Nos. | O17: E | P17: =J22 -> 0 | Q17: ='Precast- Segment Casting plan '!U18 -> 48 | R17: =P17+Q17 -> 48 | T17: Pier Cap | U17: =I32 -> 506 | V17: =U17*$P$47 -> 245.28944 | Z17: F | AA17: ='Plan- Rohan'!Z72 -> 0 | AB17: ='Plan- Rohan'!Z73 -> 0 | AC17: ='Plan- Rohan'!J22 -> 150 | AD17: =AB17+AC17 -> 150
B18: Qty | D18: =D17*$D$1 -> 0 | E18: =E17*$E$1 -> 0 | F18: =F17*$F$1 -> 0 | G18: =G17*$G$1 -> 0 | H18: =H17*$H$1 -> 0 | I18: =I17*20 -> 0 | J18: =SUM(D18:I18) -> 0 | O18: F | P18: =J24 -> 150 | Q18: ='Precast- Segment Casting plan '!U19 -> 0 | R18: =P18+Q18 -> 150 | T18: Track Beam with Nose | U18: =O5 -> 720 | V18: =U18*$P$47 -> 349.02845 | Z18: G | AA18: ='Plan- Rohan'!Z74 -> 159 | AB18: ='Plan- Rohan'!Z75 -> 1218 | AC18: ='Plan- Rohan'!J24 -> 452 | AD18: =AB18+AC18 -> 1670
A19: Priority Section-2 | B19: Nos. | C19: =C21+C23+C25+C27+C29 -> 0 | D19: =D21+D23+D25+D27+D29 -> 12 | E19: =E21+E23+E25+E27+E29 -> 12 | F19: =F21+F23+F25+F27+F29 -> 12 | G19: =G21+G23+G25+G27+G29 -> 22 | H19: =H21+H23+H25+H27+H29 -> 100 | I19: =I21+I23+I25+I27+I29 -> 20 | O19: G | P19: =J26 -> 452 | Q19: ='Precast- Segment Casting plan '!U20 -> 286 | R19: =P19+Q19 -> 738 | T19: Track Beam without Nose | U19: =O6 -> 720 | V19: =U19*$P$47 -> 349.02845 | Z19: H | AA19: ='Plan- Rohan'!Z60 -> 5 | AB19: ='Plan- Rohan'!Z61 -> 60 | AC19: ='Plan- Rohan'!J12 -> 68 | AD19: =AB19+AC19 -> 128
B20: Qty | C20: =C22+C24+C26+C28+C30 -> 0 | D20: =D22+D24+D26+D28+D30 -> 36 | E20: =E22+E24+E26+E28+E30 -> 240 | F20: =F22+F24+F26+F28+F30 -> 60 | G20: =G22+G24+G26+G28+G30 -> 132 | H20: =H22+H24+H26+H28+H30 -> 500 | I20: =I22+I24+I26+I28+I30 -> 506 | J20: =SUM(C20:I20) -> 1474 | O20: H | P20: =J12 -> 68 | Q20: ='Precast- Segment Casting plan '!U21 -> 96 | R20: =P20+Q20 -> 164 | T20: H - Section Beam | U20: =O7 -> 240 | V20: =U20*$P$47 -> 116.34282 | Z20: I | AA20: ='Plan- Rohan'!Z64 -> 40 | AB20: ='Plan- Rohan'!Z65 -> 480 | AC20: ='Plan- Rohan'!J16 -> 0 | AD20: =AB20+AC20 -> 480
A21: Part E | B21: Nos. | O21: I | P21: =J16 -> 0 | Q21: ='Precast- Segment Casting plan '!U22 -> 12 | R21: =P21+Q21 -> 12 | T21: U - Section Beam | U21: =O8 -> 240 | V21: =U21*$P$47 -> 116.34282 | Z21: J | AA21: ='Plan- Rohan'!Z76 -> 0 | AB21: ='Plan- Rohan'!Z77 -> 0 | AC21: ='Plan- Rohan'!J26 -> 278 | AD21: =AB21+AC21 -> 278
B22: Qty | D22: =D21*$D$1 -> 0 | E22: =E21*$E$1 -> 0 | F22: =F21*$F$1 -> 0 | G22: =G21*$G$1 -> 0 | H22: =H21*$H$1 -> 0 | I22: =I21*$I$1 -> 0 | J22: =SUM(D22:I22) -> 0 | O22: J | P22: =J28 -> 278 | Q22: ='Precast- Segment Casting plan '!U23 -> 696 | R22: =P22+Q22 -> 974 | T22: Pre-cast Slab | U22: =O9 -> 30 | V22: =U22*$P$47 -> 14.542852 | Z22: K | AA22: ='Plan- Rohan'!Z78 -> 0 | AB22: ='Plan- Rohan'!Z79 -> 0 | AC22: ='Plan- Rohan'!J28 -> 594 | AD22: =AB22+AC22 -> 594
A23: Part F | B23: Nos. | I23: 5 | O23: K | P23: =J30 -> 594 | Q23: ='Precast- Segment Casting plan '!U24 -> 334 | R23: =P23+Q23 -> 928 | T23: Abutment wall- PART-A | U23: =J33 -> 84 | V23: =U23*$P$47 -> 40.719986 | Z23: Abutment wall- PART-A | AC23: ='Plan- Rohan'!J29 -> 84 | AD23: =AB23+AC23 -> 84
B24: Qty | D24: =D23*$D$1 -> 0 | E24: =E23*$E$1 -> 0 | F24: =F23*$F$1 -> 0 | G24: =G23*$G$1 -> 0 | H24: =H23*$H$1 -> 0 | I24: =5*30 -> 150 | J24: =SUM(D24:I24) -> 150 | O24: Abutment wall- PART-A | P24: =J33 -> 84 | R24: =P24+Q24 -> 84 | T24: Abutment wall- PART-D | U24: =J34 -> 500 | Z24: Abutment wall- PART-D | AC24: ='Plan- Rohan'!J30 -> 500 | AD24: =AB24+AC24 -> 500
A25: Part G | B25: Nos. | D25: 6 | E25: 6 | F25: 6 | G25: 6 | I25: 12 | O25: Abutment wall- PART-D | P25: =J34 -> 500 | R25: =P25+Q25 -> 500 | T25: Cast In-situ slab- 1- PART-G | Z25: Cast In-situ slab- 1- PART-G | AD25: =AB25+AC25 -> 0
B26: Qty | D26: =D25*$D$1 -> 18 | E26: =E25*$E$1 -> 120 | F26: =F25*$F$1 -> 30 | G26: =G25*$G$1 -> 36 | H26: =H25*$H$1 -> 0 | I26: =8*26+4*10 -> 248 | J26: =SUM(D26:I26) -> 452 | O26: Cast In-situ slab- 1- PART-G | P26: 0 | R26: =P26+Q26 -> 0 | T26: Cast In-situ slab- 2- PART-G | Z26: Cast In-situ slab- 2- PART-G | AD26: =AB26+AC26 -> 0
A27: Part J | B27: Nos. | H27: 34 | I27: 3 | O27: Cast In-situ slab- 2- PART-G | P27: 0 | R27: =P27+Q27 -> 0 | T27: Cast In-situ slab- PART-C | Z27: Cast In-situ slab- PART-C | AD27: =AB27+AC27 -> 0
B28: Qty | D28: =D27*$D$1 -> 0 | E28: =E27*$E$1 -> 0 | F28: =F27*$F$1 -> 0 | G28: =G27*$G$1 -> 0 | H28: =H27*$H$1 -> 170 | I28: =I27*36 -> 108 | J28: =SUM(D28:I28) -> 278 | O28: Cast In-situ slab- PART-C | P28: 0 | R28: =P28+Q28 -> 0 | AA28: =SUM(AA12:AA27) -> 220 | AB28: =SUM(AB12:AB27) -> 1950 | AC28: =SUM(AC12:AC27) -> 2688 | AD28: =SUM(AD12:AD27) -> 4638
A29: Part K | B29: Nos. | D29: 6 | E29: 6 | F29: 6 | G29: 16 | H29: 66 | P29: =SUM(P13:P28) -> 2688 | Q29: =SUM(Q13:Q28) -> 1580 | R29: =SUM(R13:R28) -> 4268
B30: Qty | D30: =D29*$D$1 -> 18 | E30: =E29*$E$1 -> 120 | F30: =F29*$F$1 -> 30 | G30: =G29*$G$1 -> 96 | H30: =H29*$H$1 -> 330 | I30: =I29*$I$1 -> 0 | J30: =SUM(D30:I30) -> 594
A31: Total | B31: Nos. | C31: =C5+C19 -> 22 | D31: =D5+D19 -> 36 | E31: =E5+E19 -> 30 | F31: =F5+F19 -> 30 | G31: =G5+G19 -> 40 | H31: =H5+H19 -> 100 | I31: =I5+I19 -> 20
B32: Qty | C32: =C6+C20 -> 0 | D32: =D6+D20 -> 108 | E32: =E6+E20 -> 600 | F32: =F6+F20 -> 150 | G32: =G6+G20 -> 240 | H32: =H6+H20 -> 500 | I32: =I6+I20 -> 506 | J32: =SUM(C32:I32) -> 2104
A33: Abutment wall- PART-A | E33: 84 | J33: =SUM(C33:I33) -> 84
A34: Abutment wall- PART-D | E34: 500 | J34: =SUM(C34:I34) -> 500
A35: Cast In-situ slab- 1- PART-G | J35: =SUM(C35:I35) -> 0
A36: Cast In-situ slab- 2- PART-G | J36: =SUM(C36:I36) -> 0
A37: Cast In-situ slab- PART-C | J37: =SUM(C37:I37) -> 0
A38: Cast Insitu | J38: =SUM(C38:I38) -> 0
J39: =SUM(J32:J38) -> 2688
J40: Pre-cast | K40: Week-wise Planned
K41: Week 1 (1 to 8) | M41: =$O$10*N41 -> 467.12538 | N41: 0.23955148
K42: Week 2 (9 to 16) | M42: =$O$10*N42 -> 487.99694 | N42: 0.25025484
K43: Week 3 (17 to 24) | M43: =$O$10*N43 -> 487.99694 | N43: 0.25025484
K44: Week 4 (25 to 31) | M44: =$O$10*N44 -> 506.88073 | N44: 0.25993884
K45: Total | M45: =SUM(M41:M44) -> 1950
J46: Cast-in-situ | K46: Week-wise Planned
K47: Week 1 (1 to 8) | M47: =$J$39*N47 -> 564.2099 | N47: 0.20989952 | O47: =(N41+N47)/2 -> 0.2247255 | P47: =O47+O48 -> 0.48476174
K48: Week 2 (9 to 16) | M48: =$J$39*N48 -> 725.26982 | N48: 0.26981764 | O48: =(N42+N48)/2 -> 0.26003624
K49: Week 3 (17 to 24) | M49: =$J$39*N49 -> 725.26982 | N49: 0.26981764 | O49: =(N43+N49)/2 -> 0.26003624
K50: Week 4 (25 to 31) | M50: =$J$39*N50 -> 673.25047 | N50: 0.2504652 | O50: =(N44+N50)/2 -> 0.25520202
K51: Total | M51: =SUM(M47:M50) -> 2688
K53: Monthly Concreting Target | M53: =M45+M51 -> 4638 | N53: cum
C55: 12 | D55: 12 | E55: 12 | F55: 12 | G55: 0.5
A56: Erection
C57: Track beam with nose | D57: Track beam without nose | E57: U-section beam | F57: h-section beam | G57: Pre-cast Slab | H57: Total | U57: Erection
A58: Priority Section-1 | B58: Nos. | C58: =C60+C62+C64+C66+C68+C70 -> 0 | D58: =D60+D62+D64+D66+D68+D70 -> 0 | E58: =E60+E62+E64+E66+E68+E70 -> 0 | F58: =F60+F62+F64+F66+F68+F70 -> 0 | G58: =G60+G62+G64+G66+G68+G70 -> 0 | H58: =SUM(C58:G58) -> 0 | Q58: Erection | U58: Month Plan | V58: Interim
B59: Qty | H59: =SUM(C59:G59) -> 0 | T59: Track beam with nose | U59: =C84 -> 28 | V59: =U59*$O$77 -> 8.4
A60: Part A | B60: Nos. | H60: =SUM(C60:G60) -> 0 | P60: A | Q60: =H60 -> 0 | T60: Track beam without nose | U60: =D84 -> 41 | V60: =U60*$O$77 -> 12.3
B61: Qty | H61: =SUM(C61:G61) -> 0 | P61: B | Q61: =H62 -> 0 | T61: h-section beam | U61: =E84 -> 8 | V61: =U61*$O$77 -> 2.4
A62: Part B | B62: Nos. | H62: =SUM(C62:G62) -> 0 | P62: C | Q62: =H66 -> 0 | T62: U-section beam | U62: =F84 -> 9 | V62: =U62*$O$77 -> 2.7
B63: Qty | H63: =SUM(C63:G63) -> 0 | P63: D | Q63: =H70 -> 0 | T63: Pre-cast Slab | U63: =G84 -> 24 | V63: =U63*$O$77 -> 7.2
A64: Part H | B64: Nos. | H64: =SUM(C64:G64) -> 0 | P64: E | Q64: =H74 -> 0
B65: Qty | H65: =SUM(C65:G65) -> 0 | P65: F | Q65: =H76 -> 73
A66: Part C | B66: Nos. | P66: G | Q66: =H78 -> 0
B67: Qty | C67: =C66*$O$1 -> 0 | D67: =D66*$O$1 -> 0 | E67: =E66*$O$1 -> 0 | F67: =F66*$O$1 -> 0 | G67: =G66*$O$1 -> 0 | H67: =SUM(C67:G67) -> 0 | P67: H | Q67: =H64 -> 0
A68: Part I | B68: Nos. | H68: =SUM(C68:G68) -> 0 | P68: I | Q68: =H68 -> 0
B69: Qty | C69: =C68*$O$1 -> 0 | D69: =D68*$O$1 -> 0 | E69: =E68*$O$1 -> 0 | F69: =F68*$O$1 -> 0 | G69: =G68*$O$1 -> 0 | H69: =SUM(C69:G69) -> 0 | P69: J | Q69: =H80 -> 37
A70: Part D | B70: Nos. | H70: =SUM(C70:G70) -> 0 | P70: K | Q70: =H82 -> 0
B71: Qty | C71: =C70*$O$1 -> 0 | D71: =D70*$O$1 -> 0 | E71: =E70*$O$1 -> 0 | F71: =F70*$O$1 -> 0 | G71: =G70*$O$1 -> 0 | H71: =SUM(C71:G71) -> 0 | Q71: =SUM(Q60:Q70) -> 110
A72: Priority Section-2 | B72: Nos. | C72: =C74+C76+C78+C80+C82 -> 28 | D72: =D74+D76+D78+D80+D82 -> 41 | E72: =E74+E76+E78+E80+E82 -> 8 | F72: =F74+F76+F78+F80+F82 -> 9 | G72: =G74+G76+G78+G80+G82 -> 24 | H72: =SUM(C72:G72) -> 110
B73: Qty | C73: =C75+C77+C79+C81+C83 -> 336 | D73: =D75+D77+D79+D81+D83 -> 492 | E73: =E75+E77+E79+E81+E83 -> 96 | F73: =F75+F77+F79+F81+F83 -> 108 | G73: =G75+G77+G79+G81+G83 -> 288 | H73: =SUM(C73:G73) -> 1320
A74: Part E | B74: Nos.
B75: Qty | C75: =C74*$O$1 -> 0 | D75: =D74*$O$1 -> 0 | E75: =E74*$O$1 -> 0 | F75: =F74*$O$1 -> 0 | G75: =G74*$O$1 -> 0 | H75: =SUM(C75:G75) -> 0
A76: Part F | B76: Nos. | C76: 20 | D76: 24 | E76: 5 | F76: 6 | G76: 18 | H76: =SUM(C76:G76) -> 73 | J76: Pre-cast Segment Erection | K76: Week-wise Planned
B77: Qty | C77: =C76*$O$1 -> 240 | D77: =D76*$O$1 -> 288 | E77: =E76*$O$1 -> 60 | F77: =F76*$O$1 -> 72 | G77: =G76*$O$1 -> 216 | H77: =SUM(C77:G77) -> 876 | K77: Week 1 (1 to 8) | M77: =$H$84*N77 -> 11 | N77: 0.1 | O77: =N77+N78 -> 0.3
A78: Part G | B78: Nos. | K78: Week 2 (9 to 16) | M78: =$H$84*N78 -> 22 | N78: 0.2
B79: Qty | C79: =C78*$O$1 -> 0 | D79: =D78*$O$1 -> 0 | E79: =E78*$O$1 -> 0 | F79: =F78*$O$1 -> 0 | G79: =G78*$O$1 -> 0 | H79: =SUM(C79:G79) -> 0 | K79: Week 3 (17 to 24) | M79: =$H$84*N79 -> 38.5 | N79: 0.35
A80: Part J | B80: Nos. | C80: 8 | D80: 17 | E80: 3 | F80: 3 | G80: 6 | H80: =SUM(C80:G80) -> 37 | K80: Week 4 (25 to 31) | M80: =$H$84*N80 -> 38.5 | N80: 0.35
B81: Qty | C81: =C80*$O$1 -> 96 | D81: =D80*$O$1 -> 204 | E81: =E80*$O$1 -> 36 | F81: =F80*$O$1 -> 36 | G81: =G80*$O$1 -> 72 | H81: =SUM(C81:G81) -> 444 | K81: Total | M81: =SUM(M77:M80) -> 110
A82: Part K | B82: Nos.
B83: Qty | C83: =C82*$O$1 -> 0 | D83: =D82*$O$1 -> 0 | E83: =E82*$O$1 -> 0 | F83: =F82*$O$1 -> 0 | G83: =G82*$O$1 -> 0 | H83: =SUM(C83:G83) -> 0
A84: Total | B84: Nos. | C84: =C58+C72 -> 28 | D84: =D58+D72 -> 41 | E84: =E58+E72 -> 8 | F84: =F58+F72 -> 9 | G84: =G58+G72 -> 24 | H84: =SUM(C84:G84) -> 110
B85: Qty | C85: =C59+C73 -> 336 | D85: =D59+D73 -> 492 | E85: =E59+E73 -> 96 | F85: =F59+F73 -> 108 | G85: =G59+G73 -> 288 | H85: =SUM(C85:G85) -> 1320
C87: FTM
A88: Track Linking
A90: A | C90: 0
A91: B | C91: 100
A92: C | C92: 0
A93: D | C93: 0
A94: E | C94: 0
A95: F | C95: 0
A96: G | C96: 0
A97: H | C97: 200
A98: I | C98: 0
A99: J | C99: 0
A100: K | C100: 0

Sheet Nov-23 Plan (2)
D1: 3 | E1: 20 | F1: 5 | G1: 6 | H1: 5 | I1: 10 | J1: 35 | O1: 12 | P1: 0.5
A2: Concreting
A3: In-Situ | B3: SMS#4 Hot Metal Elevated Track ( In-Situ) | M3: Pre-cast | O3: SMS#4 Hot Metal Elevated Track (Pre-cast)
C4: Excavation | D4: PCC | E4: Foundation | F4: Step Footing | G4: Pier 1900 mm | H4: Pier 1600 mm | I4: Pier Cap | J4: Total | K4: Remarks | O4: Quantity | P4: Nos. | Q4: Remarks
A5: Priority Section-1 | B5: Nos. | C5: =C7+C9+C11+C13+C15+C17 -> 8 | D5: =D7+D9+D11+D13+D15+D17 -> 8 | E5: =E7+E9+E11+E13+E15+E17 -> 8 | F5: =F7+F9+F11+F13+F15+F17 -> 8 | G5: =G7+G9+G11+G13+G15+G17 -> 10 | H5: =H7+H9+H11+H13+H15+H17 -> 26 | I5: =I7+I9+I11+I13+I15+I17 -> 8 | M5: Track beam with nose | O5: =P5*$O$1 -> 996 | P5: ='[100]Precast- Segment Casting plan '!P29+'[100]Precast- Segment Casting plan '!P30 -> 83 | Q5: Concrete with OPC cement to be available at JSW batching Plant
B6: Qty | C6: =C8+C10+C12+C14+C16+C18 -> 0 | D6: =D8+D10+D12+D14+D16+D18 -> 24 | E6: =E8+E10+E12+E14+E16+E18 -> 160 | F6: =F8+F10+F12+F14+F16+F18 -> 40 | G6: =G8+G10+G12+G14+G16+G18 -> 60 | H6: =H8+H10+H12+H14+H16+H18 -> 130 | I6: =I8+I10+I12+I14+I16+I18 -> 160 | J6: =SUM(C6:I6) -> 574 | M6: Track beam without nose | O6: =P6*$O$1 -> 408 | P6: ='[100]Precast- Segment Casting plan '!P28 -> 34
A7: Part A | B7: Nos. | M7: h-section beam | O7: =P7*$O$1 -> 420 | P7: ='[100]Precast- Segment Casting plan '!P26 -> 35
B8: Qty | D8: =D7*$D$1 -> 0 | E8: =E7*$F$1 -> 0 | F8: =F7*$F$1 -> 0 | G8: =G7*$G$1 -> 0 | H8: =H7*$H$1 -> 0 | I8: =I7*$I$1 -> 0 | J8: =SUM(D8:I8) -> 0 | M8: U-section beam | O8: =P8*$O$1 -> 276 | P8: ='[100]Precast- Segment Casting plan '!P27 -> 23
A9: Part B | B9: Nos. | C9: 2 | D9: 2 | E9: 2 | F9: 2 | G9: 4 | H9: 14 | I9: 8 | M9: Pre-cast Slab | O9: =P9*P1 -> 20 | P9: ='[100]Precast- Segment Casting plan '!P31 -> 40
B10: Qty | D10: =D9*$D$1 -> 6 | E10: =E9*E1 -> 40 | F10: =F9*$F$1 -> 10 | G10: =G9*$G$1 -> 24 | H10: =H9*$H$1 -> 70 | I10: =I9*20 -> 160 | J10: =SUM(D10:I10) -> 310 | M10: Total: | O10: =SUM(O5:O9) -> 2120 | P10: =SUM(P5:P9) -> 215 | Z10: Pre-cast | AC10: Cast Insitu | AD10: Total | AE10: UOM | AF10: Track beam with nose | AG10: Track beam without nose | AH10: h-section beam | AI10: U-section beam | AJ10: Pre-cast Slab | AK10: Total
A11: Part H | B11: Nos. | C11: 2 | D11: 2 | E11: 2 | F11: 2 | G11: 2 | H11: 4 | U11: Month Plan | V11: Interim | AA11: Qty | AB11: Cum | AC11: Cum | AD11: Cum | AE11: Nos. | AF11: ='[100]Plan- Rohan'!U80 -> 60 | AG11: ='[100]Plan- Rohan'!V80 -> 60 | AH11: ='[100]Plan- Rohan'!W80 -> 20 | AI11: ='[100]Plan- Rohan'!X80 -> 20 | AJ11: ='[100]Plan- Rohan'!Y80 -> 60 | AK11: ='[100]Plan- Rohan'!Z80 -> 220
B12: Qty | D12: =D11*$D$1 -> 6 | E12: =E11*$E$1 -> 40 | F12: =F11*$F$1 -> 10 | G12: =G11*$G$1 -> 12 | H12: =H11*$H$1 -> 20 | J12: =SUM(D12:I12) -> 88 | M12: All qty are in Cum | P12: Cast-in-situ | Q12: Pre-cast | R12: Total | T12: PCC | U12: =D32 -> 69 | V12: =U12*$P$47 -> 33.44856 | Z12: A | AA12: ='[100]Plan- Rohan'!Z56 -> 0 | AB12: ='[100]Plan- Rohan'!Z57 -> 0 | AC12: ='[100]Plan- Rohan'!J8 -> 204 | AD12: =AB12+AC12 -> 204 | AE12: Qty | AF12: ='[100]Plan- Rohan'!U81 -> 720 | AG12: ='[100]Plan- Rohan'!V81 -> 720 | AH12: ='[100]Plan- Rohan'!W81 -> 240 | AI12: ='[100]Plan- Rohan'!X81 -> 240 | AJ12: ='[100]Plan- Rohan'!Y81 -> 30 | AK12: ='[100]Plan- Rohan'!Z81 -> 1950
A13: Part C | B13: Nos. | C13: 4 | D13: 4 | E13: 4 | F13: 4 | G13: 4 | H13: 8 | O13: A | P13: =J8 -> 0 | Q13: ='[100]Precast- Segment Casting plan '!U14 -> 0 | R13: =P13+Q13 -> 0 | T13: RCC Foundation | U13: =E32 -> 460 | V13: =U13*$P$47 -> 222.9904 | Z13: B | AA13: ='[100]Plan- Rohan'!Z58 -> 0 | AB13: ='[100]Plan- Rohan'!Z59 -> 0 | AC13: ='[100]Plan- Rohan'!J10 -> 358 | AD13: =AB13+AC13 -> 358
B14: Qty | D14: =D13*$D$1 -> 12 | E14: =E13*$E$1 -> 80 | F14: =F13*$F$1 -> 20 | G14: =G13*G1 -> 24 | H14: =H13*$H$1 -> 40 | J14: =SUM(D14:I14) -> 176 | O14: B | P14: =J10 -> 310 | Q14: ='[100]Precast- Segment Casting plan '!U15 -> 13.5 | R14: =P14+Q14 -> 323.5 | T14: Step Footing | U14: =F32 -> 115 | V14: =U14*$P$47 -> 55.7476 | Z14: C | AA14: ='[100]Plan- Rohan'!Z62 -> 16 | AB14: ='[100]Plan- Rohan'!Z63 -> 192 | AC14: ='[100]Plan- Rohan'!J14 -> 0 | AD14: =AB14+AC14 -> 192
A15: Part I | B15: Nos. | O15: C | P15: =J14 -> 176 | Q15: ='[100]Precast- Segment Casting plan '!U16 -> 542.5 | R15: =P15+Q15 -> 718.5 | T15: Pier 1900 mm | U15: =G32 -> 222 | V15: =U15*$P$47 -> 107.61711 | Z15: D | AA15: ='[100]Plan- Rohan'!Z66 -> 0 | AB15: ='[100]Plan- Rohan'!Z67 -> 0 | AC15: ='[100]Plan- Rohan'!J18 -> 0 | AD15: =AB15+AC15 -> 0
B16: Qty | D16: =D15*$D$1 -> 0 | E16: =E15*$E$1 -> 0 | F16: =F15*$F$1 -> 0 | H16: =H15*$H$1 -> 0 | J16: =SUM(D16:I16) -> 0 | O16: D | P16: =J18 -> 0 | Q16: ='[100]Precast- Segment Casting plan '!U17 -> 0 | R16: =P16+Q16 -> 0 | T16: Pier 1600 mm | U16: =H32 -> 500 | V16: =U16*$P$47 -> 242.38087 | Z16: E | AA16: ='[100]Plan- Rohan'!Z70 -> 0 | AB16: ='[100]Plan- Rohan'!Z71 -> 0 | AC16: ='[100]Plan- Rohan'!J20 -> 0 | AD16: =AB16+AC16 -> 0
A17: Part D | B17: Nos. | O17: E | P17: =J22 -> 0 | Q17: ='[100]Precast- Segment Casting plan '!U18 -> 0 | R17: =P17+Q17 -> 0 | T17: Pier Cap | U17: =I32 -> 560 | V17: =U17*$P$47 -> 271.46657 | Z17: F | AA17: ='[100]Plan- Rohan'!Z72 -> 0 | AB17: ='[100]Plan- Rohan'!Z73 -> 0 | AC17: ='[100]Plan- Rohan'!J22 -> 150 | AD17: =AB17+AC17 -> 150
B18: Qty | D18: =D17*$D$1 -> 0 | E18: =E17*$E$1 -> 0 | F18: =F17*$F$1 -> 0 | G18: =G17*$G$1 -> 0 | H18: =H17*$H$1 -> 0 | I18: =I17*20 -> 0 | J18: =SUM(D18:I18) -> 0 | O18: F | P18: =J24 -> 0 | Q18: ='[100]Precast- Segment Casting plan '!U19 -> 6.5 | R18: =P18+Q18 -> 6.5 | T18: Track Beam with Nose | U18: =O5 -> 996 | V18: =U18*$P$47 -> 482.82269 | Z18: G | AA18: ='[100]Plan- Rohan'!Z74 -> 159 | AB18: ='[100]Plan- Rohan'!Z75 -> 1218 | AC18: ='[100]Plan- Rohan'!J24 -> 452 | AD18: =AB18+AC18 -> 1670
A19: Priority Section-2 | B19: Nos. | C19: =C21+C23+C25+C27+C29 -> 10 | D19: =D21+D23+D25+D27+D29 -> 15 | E19: =E21+E23+E25+E27+E29 -> 15 | F19: =F21+F23+F25+F27+F29 -> 15 | G19: =G21+G23+G25+G27+G29 -> 27 | H19: =H21+H23+H25+H27+H29 -> 74 | I19: =I21+I23+I25+I27+I29 -> 8 | O19: G | P19: =J26 -> 510 | Q19: ='[100]Precast- Segment Casting plan '!U20 -> 12 | R19: =P19+Q19 -> 522 | T19: Track Beam without Nose | U19: =O6 -> 408 | V19: =U19*$P$47 -> 197.78279 | Z19: H | AA19: ='[100]Plan- Rohan'!Z60 -> 5 | AB19: ='[100]Plan- Rohan'!Z61 -> 60 | AC19: ='[100]Plan- Rohan'!J12 -> 68 | AD19: =AB19+AC19 -> 128
B20: Qty | C20: =C22+C24+C26+C28+C30 -> 0 | D20: =D22+D24+D26+D28+D30 -> 45 | E20: =E22+E24+E26+E28+E30 -> 300 | F20: =F22+F24+F26+F28+F30 -> 75 | G20: =G22+G24+G26+G28+G30 -> 162 | H20: =H22+H24+H26+H28+H30 -> 370 | I20: =I22+I24+I26+I28+I30 -> 400 | J20: =SUM(C20:I20) -> 1352 | O20: H | P20: =J12 -> 88 | Q20: ='[100]Precast- Segment Casting plan '!U21 -> 264 | R20: =P20+Q20 -> 352 | T20: H - Section Beam | U20: =O7 -> 420 | V20: =U20*$P$47 -> 203.59993 | Z20: I | AA20: ='[100]Plan- Rohan'!Z64 -> 40 | AB20: ='[100]Plan- Rohan'!Z65 -> 480 | AC20: ='[100]Plan- Rohan'!J16 -> 0 | AD20: =AB20+AC20 -> 480
A21: Part E | B21: Nos. | O21: I | P21: =J16 -> 0 | Q21: ='[100]Precast- Segment Casting plan '!U22 -> 261.5 | R21: =P21+Q21 -> 261.5 | T21: U - Section Beam | U21: =O8 -> 276 | V21: =U21*$P$47 -> 133.79424 | Z21: J | AA21: ='[100]Plan- Rohan'!Z76 -> 0 | AB21: ='[100]Plan- Rohan'!Z77 -> 0 | AC21: ='[100]Plan- Rohan'!J26 -> 278 | AD21: =AB21+AC21 -> 278
B22: Qty | D22: =D21*$D$1 -> 0 | E22: =E21*$E$1 -> 0 | F22: =F21*$F$1 -> 0 | G22: =G21*$G$1 -> 0 | H22: =H21*$H$1 -> 0 | I22: =I21*$I$1 -> 0 | J22: =SUM(D22:I22) -> 0 | O22: J | P22: =J28 -> 300 | Q22: ='[100]Precast- Segment Casting plan '!U23 -> 324 | R22: =P22+Q22 -> 624 | T22: Pre-cast Slab | U22: =O9 -> 20 | V22: =U22*$P$47 -> 9.6952348 | Z22: K | AA22: ='[100]Plan- Rohan'!Z78 -> 0 | AB22: ='[100]Plan- Rohan'!Z79 -> 0 | AC22: ='[100]Plan- Rohan'!J28 -> 594 | AD22: =AB22+AC22 -> 594
A23: Part F | B23: Nos. | O23: K | P23: =J30 -> 542 | Q23: ='[100]Precast- Segment Casting plan '!U24 -> 696 | R23: =P23+Q23 -> 1238 | T23: Abutment wall- PART-A | U23: =J33 -> 90 | V23: =U23*$P$47 -> 43.628556 | Z23: Abutment wall- PART-A | AC23: ='[100]Plan- Rohan'!J29 -> 84 | AD23: =AB23+AC23 -> 84
B24: Qty | D24: =D23*$D$1 -> 0 | E24: =E23*$E$1 -> 0 | F24: =F23*$F$1 -> 0 | G24: =G23*$G$1 -> 0 | H24: =H23*$H$1 -> 0 | J24: =SUM(D24:I24) -> 0 | O24: Abutment wall- PART-A | P24: =J33 -> 90 | R24: =P24+Q24 -> 90 | T24: Abutment wall- PART-D | U24: =J34 -> 120 | V24: =U24*$P$47 -> 58.171409 | Z24: Abutment wall- PART-D | AC24: ='[100]Plan- Rohan'!J30 -> 500 | AD24: =AB24+AC24 -> 500
A25: Part G | B25: Nos. | C25: 10 | D25: 15 | E25: 15 | F25: 15 | G25: 15 | O25: Abutment wall- PART-D | P25: =J34 -> 120 | R25: =P25+Q25 -> 120 | T25: Cast In-situ slab- 1- PART-G | U25: =J35 -> 0 | V25: =U25*$P$47 -> 0 | Z25: Cast In-situ slab- 1- PART-G | AD25: =AB25+AC25 -> 0
B26: Qty | D26: =D25*$D$1 -> 45 | E26: =E25*$E$1 -> 300 | F26: =F25*$F$1 -> 75 | G26: =G25*$G$1 -> 90 | H26: =H25*$H$1 -> 0 | J26: =SUM(D26:I26) -> 510 | O26: Cast In-situ slab- 1- PART-G | P26: =J35 -> 0 | R26: =P26+Q26 -> 0 | T26: Cast In-situ slab- 2- PART-G | U26: =J36 -> 529 | V26: =U26*$P$47 -> 256.43896 | Z26: Cast In-situ slab- 2- PART-G | AD26: =AB26+AC26 -> 0
A27: Part J | B27: Nos. | I27: 6 | O27: Cast In-situ slab- 2- PART-G | P27: =J36 -> 529 | R27: =P27+Q27 -> 529 | T27: Cast In-situ slab- PART-C | U27: =J37 -> 0 | V27: =U27*$P$47 -> 0 | Z27: Cast In-situ slab- PART-C | AD27: =AB27+AC27 -> 0
B28: Qty | D28: =D27*$D$1 -> 0 | E28: =E27*$E$1 -> 0 | F28: =F27*$F$1 -> 0 | G28: =G27*$G$1 -> 0 | H28: =H27*$H$1 -> 0 | I28: =I27*50 -> 300 | J28: =SUM(D28:I28) -> 300 | O28: Cast In-situ slab- PART-C | P28: =J37 -> 0 | R28: =P28+Q28 -> 0 | U28: =SUM(U12:U27) -> 4785 | V28: =U28*$P$47 -> 2319.5849 | AA28: =SUM(AA12:AA27) -> 220 | AB28: =SUM(AB12:AB27) -> 1950 | AC28: =SUM(AC12:AC27) -> 2688 | AD28: =SUM(AD12:AD27) -> 4638
A29: Part K | B29: Nos. | G29: 12 | H29: 74 | I29: 2 | P29: =SUM(P13:P28) -> 2665 | Q29: =SUM(Q13:Q28) -> 2120 | R29: =SUM(R13:R28) -> 4785
B30: Qty | D30: =D29*$D$1 -> 0 | E30: =E29*$E$1 -> 0 | F30: =F29*$F$1 -> 0 | G30: =G29*$G$1 -> 72 | H30: =H29*$H$1 -> 370 | I30: =I29*50 -> 100 | J30: =SUM(D30:I30) -> 542
A31: Total | B31: Nos. | D31: =D30*$D$1 -> 0 | E31: =E30*$E$1 -> 0 | F31: =F30*$F$1 -> 0 | G31: =G30*$G$1 -> 432 | H31: =H30*$H$1 -> 1850 | I31: =I30*40 -> 4000 | J31: =SUM(D31:I31) -> 6282
B32: Qty | C32: =C6+C20 -> 0 | D32: =D6+D20 -> 69 | E32: =E6+E20 -> 460 | F32: =F6+F20 -> 115 | G32: =G6+G20 -> 222 | H32: =H6+H20 -> 500 | I32: =I6+I20 -> 560 | J32: =SUM(C32:I32) -> 1926
A33: Abutment wall- PART-A | D33: 10 | E33: 80 | J33: =SUM(C33:I33) -> 90
A34: Abutment wall- PART-D | E34: 120 | J34: =SUM(C34:I34) -> 120
A35: Cast In-situ slab- 1- PART-G | J35: =SUM(C35:I35) -> 0
A36: Cast In-situ slab- 2- PART-G | E36: 529 | J36: =SUM(C36:I36) -> 529
A37: Cast In-situ slab- PART-C
A38: Cast Insitu | J38: =SUM(C38:I38) -> 0
J39: =SUM(J32:J38) -> 2665
J40: Pre-cast | K40: Week-wise Planned
K41: Week 1 (1 to 8) | M41: =$O$10*N41 -> 507.84913 | N41: 0.23955148
K42: Week 2 (9 to 16) | M42: =$O$10*N42 -> 530.54027 | N42: 0.25025484
K43: Week 3 (17 to 24) | M43: =$O$10*N43 -> 530.54027 | N43: 0.25025484
K44: Week 4 (25 to 31) | M44: =$O$10*N44 -> 551.07034 | N44: 0.25993884
K45: Total | M45: =SUM(M41:M44) -> 2120
J46: Cast-in-situ | K46: Week-wise Planned
K47: Week 1 (1 to 8) | M47: =$J$39*N47 -> 559.38221 | N47: 0.20989952 | O47: =(N41+N47)/2 -> 0.2247255 | P47: =O47+O48 -> 0.48476174
K48: Week 2 (9 to 16) | M48: =$J$39*N48 -> 719.06401 | N48: 0.26981764 | O48: =(N42+N48)/2 -> 0.26003624
K49: Week 3 (17 to 24) | M49: =$J$39*N49 -> 719.06401 | N49: 0.26981764 | O49: =(N43+N49)/2 -> 0.26003624
K50: Week 4 (25 to 31) | M50: =$J$39*N50 -> 667.48977 | N50: 0.2504652 | O50: =(N44+N50)/2 -> 0.25520202
K51: Total | M51: =SUM(M47:M50) -> 2665
K53: Monthly Concreting Target | M53: =M45+M51 -> 4785 | N53: cum
C55: 12 | D55: 12 | E55: 12 | F55: 12 | G55: 0.5
A56: Erection
C57: Track beam with nose | D57: Track beam without nose | E57: U-section beam | F57: h-section beam | G57: Pre-cast Slab | H57: Total | U57: Erection
A58: Priority Section-1 | B58: Nos. | C58: =C60+C62+C64+C66+C68+C70 -> 35 | D58: =D60+D62+D64+D66+D68+D70 -> 16 | E58: =E60+E62+E64+E66+E68+E70 -> 19 | F58: =F60+F62+F64+F66+F68+F70 -> 19 | G58: =G60+G62+G64+G66+G68+G70 -> 51 | H58: =SUM(C58:G58) -> 140 | Q58: Erection | U58: Month Plan | V58: Interim
B59: Qty | H59: =SUM(C59:G59) -> 0 | T59: Track beam with nose | U59: =C84 -> 42 | V59: =U59*$O$77 -> 12.6
A60: Part A | B60: Nos. | C60: 12 | E60: 6 | F60: 6 | G60: 18 | H60: =SUM(C60:G60) -> 42 | P60: A | Q60: =H60 -> 42 | T60: Track beam without nose | U60: =D84 -> 58 | V60: =U60*$O$77 -> 17.4
B61: Qty | H61: =SUM(C61:G61) -> 0 | P61: B | Q61: =H62 -> 0 | T61: h-section beam | U61: =E84 -> 24 | V61: =U61*$O$77 -> 7.2
A62: Part B | B62: Nos. | H62: =SUM(C62:G62) -> 0 | P62: C | Q62: =H66 -> 74 | T62: U-section beam | U62: =F84 -> 22 | V62: =U62*$O$77 -> 6.6
B63: Qty | H63: =SUM(C63:G63) -> 0 | P63: D | Q63: =H70 -> 0 | T63: Pre-cast Slab | U63: =G84 -> 54 | V63: =U63*$O$77 -> 16.2
A64: Part H | B64: Nos. | C64: 4 | D64: 8 | E64: 3 | F64: 3 | G64: 6 | H64: =SUM(C64:G64) -> 24 | P64: E | Q64: =H74 -> 0
B65: Qty | H65: =SUM(C65:G65) -> 0 | P65: F | Q65: =H76 -> 0
A66: Part C | B66: Nos. | C66: 19 | D66: 8 | E66: 10 | F66: 10 | G66: 27 | H66: =SUM(C66:G66) -> 74 | P66: G | Q66: =H78 -> 0
B67: Qty | C67: =C66*$O$1 -> 228 | D67: =D66*$O$1 -> 96 | E67: =E66*$O$1 -> 120 | F67: =F66*$O$1 -> 120 | G67: =G66*$O$1 -> 324 | H67: =SUM(C67:G67) -> 888 | P67: H | Q67: =H64 -> 24
A68: Part I | B68: Nos. | H68: =SUM(C68:G68) -> 0 | P68: I | Q68: =H68 -> 0
B69: Qty | C69: =C68*$O$1 -> 0 | D69: =D68*$O$1 -> 0 | E69: =E68*$O$1 -> 0 | F69: =F68*$O$1 -> 0 | G69: =G68*$O$1 -> 0 | H69: =SUM(C69:G69) -> 0 | P69: J | Q69: =H80 -> 0
A70: Part D | B70: Nos. | H70: =SUM(C70:G70) -> 0 | P70: K | Q70: =H82 -> 0
B71: Qty | C71: =C70*$O$1 -> 0 | D71: =D70*$O$1 -> 0 | E71: =E70*$O$1 -> 0 | F71: =F70*$O$1 -> 0 | G71: =G70*$O$1 -> 0 | H71: =SUM(C71:G71) -> 0 | Q71: =SUM(Q60:Q70) -> 140
A72: Priority Section-2 | B72: Nos. | C72: =C74+C76+C78+C80+C82 -> 7 | D72: =D74+D76+D78+D80+D82 -> 42 | E72: =E74+E76+E78+E80+E82 -> 5 | F72: =F74+F76+F78+F80+F82 -> 3 | G72: =G74+G76+G78+G80+G82 -> 3 | H72: =SUM(C72:G72) -> 60
B73: Qty | C73: =C75+C77+C79+C81+C83 -> 84 | D73: =D75+D77+D79+D81+D83 -> 504 | E73: =E75+E77+E79+E81+E83 -> 60 | F73: =F75+F77+F79+F81+F83 -> 36 | G73: =G75+G77+G79+G81+G83 -> 36 | H73: =SUM(C73:G73) -> 720
A74: Part E | B74: Nos.
B75: Qty | C75: =C74*$O$1 -> 0 | D75: =D74*$O$1 -> 0 | E75: =E74*$O$1 -> 0 | F75: =F74*$O$1 -> 0 | G75: =G74*$O$1 -> 0 | H75: =SUM(C75:G75) -> 0
A76: Part F | B76: Nos. | J76: Pre-cast Segment Erection | K76: Week-wise Planned
B77: Qty | C77: =C76*$O$1 -> 0 | D77: =D76*$O$1 -> 0 | E77: =E76*$O$1 -> 0 | F77: =F76*$O$1 -> 0 | G77: =G76*$O$1 -> 0 | H77: =SUM(C77:G77) -> 0 | K77: Week 1 (1 to 8) | M77: =$H$84*N77 -> 20 | N77: 0.1 | O77: =N77+N78 -> 0.3
A78: Part G | B78: Nos. | H78: =SUM(C78:G78) -> 0 | K78: Week 2 (9 to 16) | M78: =$H$84*N78 -> 40 | N78: 0.2
B79: Qty | C79: =C78*$O$1 -> 0 | D79: =D78*$O$1 -> 0 | E79: =E78*$O$1 -> 0 | F79: =F78*$O$1 -> 0 | G79: =G78*$O$1 -> 0 | H79: =SUM(C79:G79) -> 0 | K79: Week 3 (17 to 24) | M79: =$H$84*N79 -> 70 | N79: 0.35
A80: Part J | B80: Nos. | K80: Week 4 (25 to 31) | M80: =$H$84*N80 -> 70 | N80: 0.35
B81: Qty | C81: =C80*$O$1 -> 0 | D81: =D80*$O$1 -> 0 | E81: =E80*$O$1 -> 0 | F81: =F80*$O$1 -> 0 | G81: =G80*$O$1 -> 0 | H81: =SUM(C81:G81) -> 0 | K81: Total | M81: =SUM(M77:M80) -> 200
A82: Part K | B82: Nos. | C82: 7 | D82: 42 | E82: 5 | F82: 3 | G82: 3
B83: Qty | C83: =C82*$O$1 -> 84 | D83: =D82*$O$1 -> 504 | E83: =E82*$O$1 -> 60 | F83: =F82*$O$1 -> 36 | G83: =G82*$O$1 -> 36 | H83: =SUM(C83:G83) -> 720
A84: Total | B84: Nos. | C84: =C58+C72 -> 42 | D84: =D58+D72 -> 58 | E84: =E58+E72 -> 24 | F84: =F58+F72 -> 22 | G84: =G58+G72 -> 54 | H84: =SUM(C84:G84) -> 200
B85: Qty | C85: =C59+C73 -> 84 | D85: =D59+D73 -> 504 | E85: =E59+E73 -> 60 | F85: =F59+F73 -> 36 | G85: =G59+G73 -> 36 | H85: =SUM(C85:G85) -> 720
C87: FTM
A88: Track Linking
A90: A | C90: 0
A91: B | C91: 100
A92: C | C92: 0
A93: D | C93: 0
A94: E | C94: 0
A95: F | C95: 0
A96: G | C96: 0
A97: H | C97: 200
A98: I | C98: 0
A99: J | C99: 0
A100: K | C100: 0

Sheet Top Sheet
B3: Project: 5 MTPA Integrated Steel Plant at Vijayanagar
B4: ELEVATED HOT METAL TRACK
B6: Client Name: JVML | G6: REPORT DATE | H6: 45278 | I6: WEATHER : | J6: Sunny
B7: PMC: KPMG | AB7: Engineering Progress
B8: Contractor: Rohan Builder India Pvt Ltd | G8: REPORTING DATE | H8: =H6+1 -> 45279 | I8: WORKING : | J8: Full day
B9: OVERALL PHYSICAL PROGRESS
C10: Month | D10: 45261 | AJ10: Actuals for the month
W11: =EOMONTH('Top Sheet'!D10,0) -> 45291 | X11: =EDATE(D10,0) -> 45261 | Y11: =H6 -> 45278 | Z11: =W11-Y11 -> 13 | AI11: Areas | AJ11: PCC | AK11: RCC Foundation | AL11: Step Footing | AM11: Pier 1900 mm | AN11: Pier 1600 mm | AO11: Pier Cap | AP11: Track Beam with Nose | AQ11: Track Beam without Nose | AR11: h - Section Beam | AS11: U - Section Beam | AT11: Pre-cast Slab | AU11: Erection-Track Beam with Nose | AV11: Erection-Track Beam without Nose | AW11: Erection-h - Section Beam | AX11: Erection-U - Section Beam | AY11: Erection-Pre-cast Slab | AZ11: Track Laying
W12: Month | X12: 45261 | AB12: Item Description | AC12: UOM | AD12: Scope (cum) | AE12: Completed Till date (cum) | AF12: % Complete | AG12: Scope (nos.) | AH12: Completed Till date (nos.) | AI12: A | AJ12: =SUMIFS(Backup!$K:$K,Backup!$D:$D,Details!$B$8,Backup!$B:$B,AI12,Backup!$A:$A,"<="&'Top Sheet'!$W$11,Backup!$A:$A,">="&$X$11) -> 0 | AK12: =SUMIFS(Backup!$M:$M,Backup!$D:$D,Details!$B$9,Backup!$B:$B,AI12,Backup!$A:$A,"<="&'Top Sheet'!$W$11,Backup!$A:$A,">="&$X$11) -> 0 | AL12: =SUMIFS(Backup!$M:$M,Backup!$D:$D,Details!$B$10,Backup!$B:$B,AI12,Backup!$A:$A,"<="&'Top Sheet'!$W$11,Backup!$A:$A,">="&$X$11) -> 0 | AM12: =SUMIFS(Backup!$M:$M,Backup!$D:$D,Details!$B$11,Backup!$B:$B,AI12,Backup!$A:$A,"<="&'Top Sheet'!$W$11,Backup!$A:$A,">="&$X$11) -> 0 | AN12: =SUMIFS(Backup!$M:$M,Backup!$D:$D,Details!$B$12,Backup!$B:$B,AI12,Backup!$A:$A,"<="&'Top Sheet'!$W$11,Backup!$A:$A,">="&$X$11) -> 0 | AO12: =SUMIFS(Backup!$N:$N,Backup!$D:$D,Details!$B$13,Backup!$B:$B,AI12,Backup!$A:$A,"<="&'Top Sheet'!$W$11,Backup!$A:$A,">="&$X$11) -> 0 | AP12: =SUMIFS(Backup!$N:$N,Backup!$D:$D,Details!$B$14,Backup!$B:$B,AI12,Backup!$A:$A,"<="&'Top Sheet'!$W$11,Backup!$A:$A,">="&$X$11) -> 0 | AQ12: =SUMIFS(Backup!$N:$N,Backup!$D:$D,Details!$B$15,Backup!$B:$B,AI12,Backup!$A:$A,"<="&'Top Sheet'!$W$11,Backup!$A:$A,">="&$X$11) -> 0 | AR12: =SUMIFS(Backup!$N:$N,Backup!$D:$D,Details!$B$16,Backup!$B:$B,AI12,Backup!$A:$A,"<="&'Top Sheet'!$W$11,Backup!$A:$A,">="&$X$11) -> 0 | AS12: =SUMIFS(Backup!$N:$N,Backup!$D:$D,Details!$B$17,Backup!$B:$B,AI12,Backup!$A:$A,"<="&'Top Sheet'!$W$11,Backup!$A:$A,">="&$X$11) -> 0 | AT12: =SUMIFS(Backup!$N:$N,Backup!$D:$D,Details!$B$18,Backup!$B:$B,AI12,Backup!$A:$A,"<="&'Top Sheet'!$W$11,Backup!$A:$A,">="&$X$11) -> 2.5 | AU12: =SUMIFS(Backup!$N:$N,Backup!$D:$D,Details!$B$19,Backup!$B:$B,AI12,Backup!$A:$A,"<="&'Top Sheet'!$W$11,Backup!$A:$A,">="&$X$11) -> 0 | AV12: =SUMIFS(Backup!$N:$N,Backup!$D:$D,Details!$B$20,Backup!$B:$B,AI12,Backup!$A:$A,"<="&'Top Sheet'!$W$11,Backup!$A:$A,">="&$X$11) -> 0 | AW12: =SUMIFS(Backup!$N:$N,Backup!$D:$D,Details!$B$21,Backup!$B:$B,AI12,Backup!$A:$A,"<="&'Top Sheet'!$W$11,Backup!$A:$A,">="&$X$11) -> 0 | AX12: =SUMIFS(Backup!$N:$N,Backup!$D:$D,Details!$B$22,Backup!$B:$B,AI12,Backup!$A:$A,"<="&'Top Sheet'!$W$11,Backup!$A:$A,">="&$X$11) -> 0 | AY12: =SUMIFS(Backup!$N:$N,Backup!$D:$D,Details!$B$23,Backup!$B:$B,AI12,Backup!$A:$A,"<="&'Top Sheet'!$W$11,Backup!$A:$A,">="&$X$11) -> 0 | AZ12: =SUMIFS(Backup!$K:$K,Backup!$D:$D,Details!$B$24,Backup!$B:$B,AI12,Backup!$A:$A,"<="&'Top Sheet'!$W$11,Backup!$A:$A,">="&$X$11) -> 0 | BA12: =SUMIFS(Backup!$K:$K,Backup!$D:$D,Details!$B$8,Backup!$B:$B,$AI$12,Backup!$B:$B,"<="&'Top Sheet'!$W$11,Backup!$B:$B,">="&$X$11) -> 0
U13: Daily Actual | V13: Month Actual | W13: Item Description | X13: Month Plan | Y13: Month Actual | Z13: Plan in Nos | AB13: PCC | AC13: CuM | AD13: 2033.9804 | AE13: =SUMIFS(Backup!$P:$P,Backup!$D:$D,'Top Sheet'!$AB13) -> 1840 | AF13: =AE13/AD13 -> 0.90463016 | AG13: =AD13/'Civil S-curve'!$D2 -> 581.13725 | AH13: =AE13/'Civil S-curve'!$D2 -> 525.71429 | AI13: B | AJ13: =SUMIFS(Backup!$K:$K,Backup!$D:$D,Details!$B$8,Backup!$B:$B,AI13,Backup!$A:$A,"<="&'Top Sheet'!$W$11,Backup!$A:$A,">="&$X$11) -> 10 | AK13: =SUMIFS(Backup!$M:$M,Backup!$D:$D,Details!$B$9,Backup!$B:$B,AI13,Backup!$A:$A,"<="&'Top Sheet'!$W$11,Backup!$A:$A,">="&$X$11) -> 0 | AL13: =SUMIFS(Backup!$M:$M,Backup!$D:$D,Details!$B$10,Backup!$B:$B,AI13,Backup!$A:$A,"<="&'Top Sheet'!$W$11,Backup!$A:$A,">="&$X$11) -> 0 | AM13: =SUMIFS(Backup!$M:$M,Backup!$D:$D,Details!$B$11,Backup!$B:$B,AI13,Backup!$A:$A,"<="&'Top Sheet'!$W$11,Backup!$A:$A,">="&$X$11) -> 0 | AN13: =SUMIFS(Backup!$M:$M,Backup!$D:$D,Details!$B$12,Backup!$B:$B,AI13,Backup!$A:$A,"<="&'Top Sheet'!$W$11,Backup!$A:$A,">="&$X$11) -> 0 | AO13: =SUMIFS(Backup!$N:$N,Backup!$D:$D,Details!$B$13,Backup!$B:$B,AI13,Backup!$A:$A,"<="&'Top Sheet'!$W$11,Backup!$A:$A,">="&$X$11) -> 64 | AP13: =SUMIFS(Backup!$N:$N,Backup!$D:$D,Details!$B$14,Backup!$B:$B,AI13,Backup!$A:$A,"<="&'Top Sheet'!$W$11,Backup!$A:$A,">="&$X$11) -> 0 | AQ13: =SUMIFS(Backup!$N:$N,Backup!$D:$D,Details!$B$15,Backup!$B:$B,AI13,Backup!$A:$A,"<="&'Top Sheet'!$W$11,Backup!$A:$A,">="&$X$11) -> 0 | AR13: =SUMIFS(Backup!$N:$N,Backup!$D:$D,Details!$B$16,Backup!$B:$B,AI13,Backup!$A:$A,"<="&'Top Sheet'!$W$11,Backup!$A:$A,">="&$X$11) -> 36 | AS13: =SUMIFS(Backup!$N:$N,Backup!$D:$D,Details!$B$17,Backup!$B:$B,AI13,Backup!$A:$A,"<="&'Top Sheet'!$W$11,Backup!$A:$A,">="&$X$11) -> 0 | AT13: =SUMIFS(Backup!$N:$N,Backup!$D:$D,Details!$B$18,Backup!$B:$B,AI13,Backup!$A:$A,"<="&'Top Sheet'!$W$11,Backup!$A:$A,">="&$X$11) -> 0 | AU13: =SUMIFS(Backup!$N:$N,Backup!$D:$D,Details!$B$19,Backup!$B:$B,AI13,Backup!$A:$A,"<="&'Top Sheet'!$W$11,Backup!$A:$A,">="&$X$11) -> 0 | AV13: =SUMIFS(Backup!$N:$N,Backup!$D:$D,Details!$B$20,Backup!$B:$B,AI13,Backup!$A:$A,"<="&'Top Sheet'!$W$11,Backup!$A:$A,">="&$X$11) -> 0 | AW13: =SUMIFS(Backup!$N:$N,Backup!$D:$D,Details!$B$21,Backup!$B:$B,AI13,Backup!$A:$A,"<="&'Top Sheet'!$W$11,Backup!$A:$A,">="&$X$11) -> 0 | AX13: =SUMIFS(Backup!$N:$N,Backup!$D:$D,Details!$B$22,Backup!$B:$B,AI13,Backup!$A:$A,"<="&'Top Sheet'!$W$11,Backup!$A:$A,">="&$X$11) -> 0 | AY13: =SUMIFS(Backup!$N:$N,Backup!$D:$D,Details!$B$23,Backup!$B:$B,AI13,Backup!$A:$A,"<="&'Top Sheet'!$W$11,Backup!$A:$A,">="&$X$11) -> 0 | AZ13: =SUMIFS(Backup!$K:$K,Backup!$D:$D,Details!$B$24,Backup!$B:$B,AI13,Backup!$A:$A,"<="&'Top Sheet'!$W$11,Backup!$A:$A,">="&$X$11) -> 0 | BA13: =SUMIFS(Backup!$K:$K,Backup!$D:$D,Details!$B$9,Backup!$B:$B,$AI$13,Backup!$B:$B,"<="&'Top Sheet'!$W$11,Backup!$B:$B,">="&$X$11) -> 0
U14: =SUMIFS(Backup!$P:$P,Backup!$D:$D,W14, Backup!$A:$A,$H$6) -> 28 | V14: =SUMIFS(Backup!$P:$P,Backup!$D:$D,'Top Sheet'!$W14,Backup!$A:$A,"<="&'Top Sheet'!$W$11,Backup!$A:$A,">="&'Top Sheet'!$X$11) -> 109 | W14: PCC | X14: =SUMIFS('Month-wise Plan'!$E3:$AA3,'Month-wise Plan'!$E$2:$AA$2,'Top Sheet'!$D$10) -> 0 | Y14: =SUMIFS(Backup!$K:$K,Backup!$D:$D,'Top Sheet'!$W14,Backup!$A:$A,"<="&'Top Sheet'!$W$11,Backup!$A:$A,">="&'Top Sheet'!$X$11) -> 109 | Z14: =SUMIFS('Month-wise Plan'!$E$28:$AA$28,'Month-wise Plan'!$E$2:$AA$2,'Top Sheet'!$D$10) -> 0 | AB14: RCC Foundation | AC14: CuM | AD14: 13947.294 | AE14: =SUMIFS(Backup!$P:$P,Backup!$D:$D,'Top Sheet'!$AB14) -> 11022.75 | AF14: =AE14/AD14 -> 0.79031459 | AG14: =AD14/'Civil S-curve'!$D3 -> 581.13725 | AH14: =AE14/'Civil S-curve'!$D3 -> 459.28125 | AI14: C | AJ14: =SUMIFS(Backup!$K:$K,Backup!$D:$D,Details!$B$8,Backup!$B:$B,AI14,Backup!$A:$A,"<="&'Top Sheet'!$W$11,Backup!$A:$A,">="&$X$11) -> 0 | AK14: =SUMIFS(Backup!$M:$M,Backup!$D:$D,Details!$B$9,Backup!$B:$B,AI14,Backup!$A:$A,"<="&'Top Sheet'!$W$11,Backup!$A:$A,">="&$X$11) -> 0 | AL14: =SUMIFS(Backup!$M:$M,Backup!$D:$D,Details!$B$10,Backup!$B:$B,AI14,Backup!$A:$A,"<="&'Top Sheet'!$W$11,Backup!$A:$A,">="&$X$11) -> 0 | AM14: =SUMIFS(Backup!$M:$M,Backup!$D:$D,Details!$B$11,Backup!$B:$B,AI14,Backup!$A:$A,"<="&'Top Sheet'!$W$11,Backup!$A:$A,">="&$X$11) -> 0 | AN14: =SUMIFS(Backup!$M:$M,Backup!$D:$D,Details!$B$12,Backup!$B:$B,AI14,Backup!$A:$A,"<="&'Top Sheet'!$W$11,Backup!$A:$A,">="&$X$11) -> 0 | AO14: =SUMIFS(Backup!$N:$N,Backup!$D:$D,Details!$B$13,Backup!$B:$B,AI14,Backup!$A:$A,"<="&'Top Sheet'!$W$11,Backup!$A:$A,">="&$X$11) -> 0 | AP14: =SUMIFS(Backup!$N:$N,Backup!$D:$D,Details!$B$14,Backup!$B:$B,AI14,Backup!$A:$A,"<="&'Top Sheet'!$W$11,Backup!$A:$A,">="&$X$11) -> 0 | AQ14: =SUMIFS(Backup!$N:$N,Backup!$D:$D,Details!$B$15,Backup!$B:$B,AI14,Backup!$A:$A,"<="&'Top Sheet'!$W$11,Backup!$A:$A,">="&$X$11) -> 0 | AR14: =SUMIFS(Backup!$N:$N,Backup!$D:$D,Details!$B$16,Backup!$B:$B,AI14,Backup!$A:$A,"<="&'Top Sheet'!$W$11,Backup!$A:$A,">="&$X$11) -> 72 | AS14: =SUMIFS(Backup!$N:$N,Backup!$D:$D,Details!$B$17,Backup!$B:$B,AI14,Backup!$A:$A,"<="&'Top Sheet'!$W$11,Backup!$A:$A,">="&$X$11) -> 0 | AT14: =SUMIFS(Backup!$N:$N,Backup!$D:$D,Details!$B$18,Backup!$B:$B,AI14,Backup!$A:$A,"<="&'Top Sheet'!$W$11,Backup!$A:$A,">="&$X$11) -> 0 | AU14: =SUMIFS(Backup!$N:$N,Backup!$D:$D,Details!$B$19,Backup!$B:$B,AI14,Backup!$A:$A,"<="&'Top Sheet'!$W$11,Backup!$A:$A,">="&$X$11) -> 0 | AV14: =SUMIFS(Backup!$N:$N,Backup!$D:$D,Details!$B$20,Backup!$B:$B,AI14,Backup!$A:$A,"<="&'Top Sheet'!$W$11,Backup!$A:$A,">="&$X$11) -> 0 | AW14: =SUMIFS(Backup!$N:$N,Backup!$D:$D,Details!$B$21,Backup!$B:$B,AI14,Backup!$A:$A,"<="&'Top Sheet'!$W$11,Backup!$A:$A,">="&$X$11) -> 0 | AX14: =SUMIFS(Backup!$N:$N,Backup!$D:$D,Details!$B$22,Backup!$B:$B,AI14,Backup!$A:$A,"<="&'Top Sheet'!$W$11,Backup!$A:$A,">="&$X$11) -> 0 | AY14: =SUMIFS(Backup!$N:$N,Backup!$D:$D,Details!$B$23,Backup!$B:$B,AI14,Backup!$A:$A,"<="&'Top Sheet'!$W$11,Backup!$A:$A,">="&$X$11) -> 0 | AZ14: =SUMIFS(Backup!$K:$K,Backup!$D:$D,Details!$B$24,Backup!$B:$B,AI14,Backup!$A:$A,"<="&'Top Sheet'!$W$11,Backup!$A:$A,">="&$X$11) -> 0 | BA14: =SUMIFS(Backup!$K:$K,Backup!$D:$D,Details!$B$10,Backup!$B:$B,$AI$14,Backup!$B:$B,"<="&'Top Sheet'!$W$11,Backup!$B:$B,">="&$X$11) -> 0
U15: =SUMIFS(Backup!$P:$P,Backup!$D:$D,W15, Backup!$A:$A,$H$6) -> 40 | V15: =SUMIFS(Backup!$P:$P,Backup!$D:$D,'Top Sheet'!$W15,Backup!$A:$A,"<="&'Top Sheet'!$W$11,Backup!$A:$A,">="&'Top Sheet'!$X$11) -> 476 | W15: RCC Foundation | X15: =SUMIFS('Month-wise Plan'!$E4:$AA4,'Month-wise Plan'!$E$2:$AA$2,'Top Sheet'!$D$10) -> 0 | Y15: =SUMIFS(Backup!$M:$M,Backup!$D:$D,'Top Sheet'!$W15,Backup!$A:$A,"<="&'Top Sheet'!$W$11,Backup!$A:$A,">="&'Top Sheet'!$X$11) -> 476 | Z15: =SUMIFS('Month-wise Plan'!$E29:$AA29,'Month-wise Plan'!$E$2:$AA$2,'Top Sheet'!$D$10) -> 0 | AB15: Step Footing | AC15: CuM | AD15: 3196.2549 | AE15: =SUMIFS(Backup!$P:$P,Backup!$D:$D,'Top Sheet'!$AB15) -> 2606 | AF15: =AE15/AD15 -> 0.81532921 | AG15: =AD15/'Civil S-curve'!$D4 -> 581.13725 | AH15: =AE15/'Civil S-curve'!$D4 -> 473.81818 | AI15: D | AJ15: =SUMIFS(Backup!$K:$K,Backup!$D:$D,Details!$B$8,Backup!$B:$B,AI15,Backup!$A:$A,"<="&'Top Sheet'!$W$11,Backup!$A:$A,">="&$X$11) -> 18 | AK15: =SUMIFS(Backup!$M:$M,Backup!$D:$D,Details!$B$9,Backup!$B:$B,AI15,Backup!$A:$A,"<="&'Top Sheet'!$W$11,Backup!$A:$A,">="&$X$11) -> 0 | AL15: =SUMIFS(Backup!$M:$M,Backup!$D:$D,Details!$B$10,Backup!$B:$B,AI15,Backup!$A:$A,"<="&'Top Sheet'!$W$11,Backup!$A:$A,">="&$X$11) -> 0 | AM15: =SUMIFS(Backup!$M:$M,Backup!$D:$D,Details!$B$11,Backup!$B:$B,AI15,Backup!$A:$A,"<="&'Top Sheet'!$W$11,Backup!$A:$A,">="&$X$11) -> 0 | AN15: =SUMIFS(Backup!$M:$M,Backup!$D:$D,Details!$B$12,Backup!$B:$B,AI15,Backup!$A:$A,"<="&'Top Sheet'!$W$11,Backup!$A:$A,">="&$X$11) -> 0 | AO15: =SUMIFS(Backup!$N:$N,Backup!$D:$D,Details!$B$13,Backup!$B:$B,AI15,Backup!$A:$A,"<="&'Top Sheet'!$W$11,Backup!$A:$A,">="&$X$11) -> 0 | AP15: =SUMIFS(Backup!$N:$N,Backup!$D:$D,Details!$B$14,Backup!$B:$B,AI15,Backup!$A:$A,"<="&'Top Sheet'!$W$11,Backup!$A:$A,">="&$X$11) -> 0 | AQ15: =SUMIFS(Backup!$N:$N,Backup!$D:$D,Details!$B$15,Backup!$B:$B,AI15,Backup!$A:$A,"<="&'Top Sheet'!$W$11,Backup!$A:$A,">="&$X$11) -> 0 | AR15: =SUMIFS(Backup!$N:$N,Backup!$D:$D,Details!$B$16,Backup!$B:$B,AI15,Backup!$A:$A,"<="&'Top Sheet'!$W$11,Backup!$A:$A,">="&$X$11) -> 0 | AS15: =SUMIFS(Backup!$N:$N,Backup!$D:$D,Details!$B$17,Backup!$B:$B,AI15,Backup!$A:$A,"<="&'Top Sheet'!$W$11,Backup!$A:$A,">="&$X$11) -> 0 | AT15: =SUMIFS(Backup!$N:$N,Backup!$D:$D,Details!$B$18,Backup!$B:$B,AI15,Backup!$A:$A,"<="&'Top Sheet'!$W$11,Backup!$A:$A,">="&$X$11) -> 0 | AU15: =SUMIFS(Backup!$N:$N,Backup!$D:$D,Details!$B$19,Backup!$B:$B,AI15,Backup!$A:$A,"<="&'Top Sheet'!$W$11,Backup!$A:$A,">="&$X$11) -> 0 | AV15: =SUMIFS(Backup!$N:$N,Backup!$D:$D,Details!$B$20,Backup!$B:$B,AI15,Backup!$A:$A,"<="&'Top Sheet'!$W$11,Backup!$A:$A,">="&$X$11) -> 0 | AW15: =SUMIFS(Backup!$N:$N,Backup!$D:$D,Details!$B$21,Backup!$B:$B,AI15,Backup!$A:$A,"<="&'Top Sheet'!$W$11,Backup!$A:$A,">="&$X$11) -> 0 | AX15: =SUMIFS(Backup!$N:$N,Backup!$D:$D,Details!$B$22,Backup!$B:$B,AI15,Backup!$A:$A,"<="&'Top Sheet'!$W$11,Backup!$A:$A,">="&$X$11) -> 0 | AY15: =SUMIFS(Backup!$N:$N,Backup!$D:$D,Details!$B$23,Backup!$B:$B,AI15,Backup!$A:$A,"<="&'Top Sheet'!$W$11,Backup!$A:$A,">="&$X$11) -> 0 | AZ15: =SUMIFS(Backup!$K:$K,Backup!$D:$D,Details!$B$24,Backup!$B:$B,AI15,Backup!$A:$A,"<="&'Top Sheet'!$W$11,Backup!$A:$A,">="&$X$11) -> 0 | BA15: =SUMIFS(Backup!$K:$K,Backup!$D:$D,Details!$B$11,Backup!$B:$B,$AI$15,Backup!$B:$B,"<="&'Top Sheet'!$W$11,Backup!$B:$B,">="&$X$11) -> 0
U16: =SUMIFS(Backup!$P:$P,Backup!$D:$D,W16, Backup!$A:$A,$H$6) -> 5 | V16: =SUMIFS(Backup!$P:$P,Backup!$D:$D,'Top Sheet'!$W16,Backup!$A:$A,"<="&'Top Sheet'!$W$11,Backup!$A:$A,">="&'Top Sheet'!$X$11) -> 80 | W16: Step Footing | X16: =SUMIFS('Month-wise Plan'!$E5:$AA5,'Month-wise Plan'!$E$2:$AA$2,'Top Sheet'!$D$10) -> 0 | Y16: =SUMIFS(Backup!$M:$M,Backup!$D:$D,'Top Sheet'!$W16,Backup!$A:$A,"<="&'Top Sheet'!$W$11,Backup!$A:$A,">="&'Top Sheet'!$X$11) -> 80 | Z16: =SUMIFS('Month-wise Plan'!$E30:$AA30,'Month-wise Plan'!$E$2:$AA$2,'Top Sheet'!$D$10) -> 0 | AB16: Pier 1900 mm | AC16: CuM | AD16: 3486.8235 | AE16: =SUMIFS(Backup!$P:$P,Backup!$D:$D,'Top Sheet'!$AB16) -> 3344.3 | AF16: =AE16/AD16 -> 0.95912511 | AG16: =AD16/'Civil S-curve'!$D5 -> 581.13725 | AH16: =AE16/'Civil S-curve'!$D5 -> 557.38333 | AI16: E | AJ16: =SUMIFS(Backup!$K:$K,Backup!$D:$D,Details!$B$8,Backup!$B:$B,AI16,Backup!$A:$A,"<="&'Top Sheet'!$W$11,Backup!$A:$A,">="&$X$11) -> 44 | AK16: =SUMIFS(Backup!$M:$M,Backup!$D:$D,Details!$B$9,Backup!$B:$B,AI16,Backup!$A:$A,"<="&'Top Sheet'!$W$11,Backup!$A:$A,">="&$X$11) -> 160 | AL16: =SUMIFS(Backup!$M:$M,Backup!$D:$D,Details!$B$10,Backup!$B:$B,AI16,Backup!$A:$A,"<="&'Top Sheet'!$W$11,Backup!$A:$A,">="&$X$11) -> 35 | AM16: =SUMIFS(Backup!$M:$M,Backup!$D:$D,Details!$B$11,Backup!$B:$B,AI16,Backup!$A:$A,"<="&'Top Sheet'!$W$11,Backup!$A:$A,">="&$X$11) -> 12 | AN16: =SUMIFS(Backup!$M:$M,Backup!$D:$D,Details!$B$12,Backup!$B:$B,AI16,Backup!$A:$A,"<="&'Top Sheet'!$W$11,Backup!$A:$A,">="&$X$11) -> 0 | AO16: =SUMIFS(Backup!$N:$N,Backup!$D:$D,Details!$B$13,Backup!$B:$B,AI16,Backup!$A:$A,"<="&'Top Sheet'!$W$11,Backup!$A:$A,">="&$X$11) -> 67 | AP16: =SUMIFS(Backup!$N:$N,Backup!$D:$D,Details!$B$14,Backup!$B:$B,AI16,Backup!$A:$A,"<="&'Top Sheet'!$W$11,Backup!$A:$A,">="&$X$11) -> 72 | AQ16: =SUMIFS(Backup!$N:$N,Backup!$D:$D,Details!$B$15,Backup!$B:$B,AI16,Backup!$A:$A,"<="&'Top Sheet'!$W$11,Backup!$A:$A,">="&$X$11) -> 24 | AR16: =SUMIFS(Backup!$N:$N,Backup!$D:$D,Details!$B$16,Backup!$B:$B,AI16,Backup!$A:$A,"<="&'Top Sheet'!$W$11,Backup!$A:$A,">="&$X$11) -> 48 | AS16: =SUMIFS(Backup!$N:$N,Backup!$D:$D,Details!$B$17,Backup!$B:$B,AI16,Backup!$A:$A,"<="&'Top Sheet'!$W$11,Backup!$A:$A,">="&$X$11) -> 0 | AT16: =SUMIFS(Backup!$N:$N,Backup!$D:$D,Details!$B$18,Backup!$B:$B,AI16,Backup!$A:$A,"<="&'Top Sheet'!$W$11,Backup!$A:$A,">="&$X$11) -> 0 | AU16: =SUMIFS(Backup!$N:$N,Backup!$D:$D,Details!$B$19,Backup!$B:$B,AI16,Backup!$A:$A,"<="&'Top Sheet'!$W$11,Backup!$A:$A,">="&$X$11) -> 0 | AV16: =SUMIFS(Backup!$N:$N,Backup!$D:$D,Details!$B$20,Backup!$B:$B,AI16,Backup!$A:$A,"<="&'Top Sheet'!$W$11,Backup!$A:$A,">="&$X$11) -> 0 | AW16: =SUMIFS(Backup!$N:$N,Backup!$D:$D,Details!$B$21,Backup!$B:$B,AI16,Backup!$A:$A,"<="&'Top Sheet'!$W$11,Backup!$A:$A,">="&$X$11) -> 0 | AX16: =SUMIFS(Backup!$N:$N,Backup!$D:$D,Details!$B$22,Backup!$B:$B,AI16,Backup!$A:$A,"<="&'Top Sheet'!$W$11,Backup!$A:$A,">="&$X$11) -> 0 | AY16: =SUMIFS(Backup!$N:$N,Backup!$D:$D,Details!$B$23,Backup!$B:$B,AI16,Backup!$A:$A,"<="&'Top Sheet'!$W$11,Backup!$A:$A,">="&$X$11) -> 0 | AZ16: =SUMIFS(Backup!$K:$K,Backup!$D:$D,Details!$B$24,Backup!$B:$B,AI16,Backup!$A:$A,"<="&'Top Sheet'!$W$11,Backup!$A:$A,">="&$X$11) -> 0 | BA16: =SUMIFS(Backup!$K:$K,Backup!$D:$D,Details!$B$12,Backup!$B:$B,$AI$16,Backup!$B:$B,"<="&'Top Sheet'!$W$11,Backup!$B:$B,">="&$X$11) -> 0
U17: =SUMIFS(Backup!$P:$P,Backup!$D:$D,W17, Backup!$A:$A,$H$6) -> 12 | V17: =SUMIFS(Backup!$P:$P,Backup!$D:$D,'Top Sheet'!$W17,Backup!$A:$A,"<="&'Top Sheet'!$W$11,Backup!$A:$A,">="&'Top Sheet'!$X$11) -> 68 | W17: Pier 1900 mm | X17: =SUMIFS('Month-wise Plan'!$E6:$AA6,'Month-wise Plan'!$E$2:$AA$2,'Top Sheet'!$D$10) -> 0 | Y17: =SUMIFS(Backup!$M:$M,Backup!$D:$D,'Top Sheet'!$W17,Backup!$A:$A,"<="&'Top Sheet'!$W$11,Backup!$A:$A,">="&'Top Sheet'!$X$11) -> 68 | Z17: =SUMIFS('Month-wise Plan'!$E31:$AA31,'Month-wise Plan'!$E$2:$AA$2,'Top Sheet'!$D$10) -> 0 | AB17: Pier 1600 mm | AC17: CuM | AD17: 3486.8235 | AE17: =SUMIFS(Backup!$P:$P,Backup!$D:$D,'Top Sheet'!$AB17) -> 4672 | AF17: =AE17/AD17 -> 1.3399015 | AG17: =AD17/'Civil S-curve'!$D6 -> 581.13725 | AH17: =AE17/'Civil S-curve'!$D6 -> 778.66667 | AI17: F | AJ17: =SUMIFS(Backup!$K:$K,Backup!$D:$D,Details!$B$8,Backup!$B:$B,AI17,Backup!$A:$A,"<="&'Top Sheet'!$W$11,Backup!$A:$A,">="&$X$11) -> 0 | AK17: =SUMIFS(Backup!$M:$M,Backup!$D:$D,Details!$B$9,Backup!$B:$B,AI17,Backup!$A:$A,"<="&'Top Sheet'!$W$11,Backup!$A:$A,">="&$X$11) -> 0 | AL17: =SUMIFS(Backup!$M:$M,Backup!$D:$D,Details!$B$10,Backup!$B:$B,AI17,Backup!$A:$A,"<="&'Top Sheet'!$W$11,Backup!$A:$A,">="&$X$11) -> 0 | AM17: =SUMIFS(Backup!$M:$M,Backup!$D:$D,Details!$B$11,Backup!$B:$B,AI17,Backup!$A:$A,"<="&'Top Sheet'!$W$11,Backup!$A:$A,">="&$X$11) -> 0 | AN17: =SUMIFS(Backup!$M:$M,Backup!$D:$D,Details!$B$12,Backup!$B:$B,AI17,Backup!$A:$A,"<="&'Top Sheet'!$W$11,Backup!$A:$A,">="&$X$11) -> 0 | AO17: =SUMIFS(Backup!$N:$N,Backup!$D:$D,Details!$B$13,Backup!$B:$B,AI17,Backup!$A:$A,"<="&'Top Sheet'!$W$11,Backup!$A:$A,">="&$X$11) -> 0 | AP17: =SUMIFS(Backup!$N:$N,Backup!$D:$D,Details!$B$14,Backup!$B:$B,AI17,Backup!$A:$A,"<="&'Top Sheet'!$W$11,Backup!$A:$A,">="&$X$11) -> 0 | AQ17: =SUMIFS(Backup!$N:$N,Backup!$D:$D,Details!$B$15,Backup!$B:$B,AI17,Backup!$A:$A,"<="&'Top Sheet'!$W$11,Backup!$A:$A,">="&$X$11) -> 0 | AR17: =SUMIFS(Backup!$N:$N,Backup!$D:$D,Details!$B$16,Backup!$B:$B,AI17,Backup!$A:$A,"<="&'Top Sheet'!$W$11,Backup!$A:$A,">="&$X$11) -> 0 | AS17: =SUMIFS(Backup!$N:$N,Backup!$D:$D,Details!$B$17,Backup!$B:$B,AI17,Backup!$A:$A,"<="&'Top Sheet'!$W$11,Backup!$A:$A,">="&$X$11) -> 0 | AT17: =SUMIFS(Backup!$N:$N,Backup!$D:$D,Details!$B$18,Backup!$B:$B,AI17,Backup!$A:$A,"<="&'Top Sheet'!$W$11,Backup!$A:$A,">="&$X$11) -> 0 | AU17: =SUMIFS(Backup!$N:$N,Backup!$D:$D,Details!$B$19,Backup!$B:$B,AI17,Backup!$A:$A,"<="&'Top Sheet'!$W$11,Backup!$A:$A,">="&$X$11) -> 0 | AV17: =SUMIFS(Backup!$N:$N,Backup!$D:$D,Details!$B$20,Backup!$B:$B,AI17,Backup!$A:$A,"<="&'Top Sheet'!$W$11,Backup!$A:$A,">="&$X$11) -> 0 | AW17: =SUMIFS(Backup!$N:$N,Backup!$D:$D,Details!$B$21,Backup!$B:$B,AI17,Backup!$A:$A,"<="&'Top Sheet'!$W$11,Backup!$A:$A,">="&$X$11) -> 0 | AX17: =SUMIFS(Backup!$N:$N,Backup!$D:$D,Details!$B$22,Backup!$B:$B,AI17,Backup!$A:$A,"<="&'Top Sheet'!$W$11,Backup!$A:$A,">="&$X$11) -> 0 | AY17: =SUMIFS(Backup!$N:$N,Backup!$D:$D,Details!$B$23,Backup!$B:$B,AI17,Backup!$A:$A,"<="&'Top Sheet'!$W$11,Backup!$A:$A,">="&$X$11) -> 0 | AZ17: =SUMIFS(Backup!$K:$K,Backup!$D:$D,Details!$B$24,Backup!$B:$B,AI17,Backup!$A:$A,"<="&'Top Sheet'!$W$11,Backup!$A:$A,">="&$X$11) -> 0 | BA17: =SUMIFS(Backup!$K:$K,Backup!$D:$D,Details!$B$13,Backup!$B:$B,$AI$17,Backup!$B:$B,"<="&'Top Sheet'!$W$11,Backup!$B:$B,">="&$X$11) -> 0
U18: =SUMIFS(Backup!$P:$P,Backup!$D:$D,W18, Backup!$A:$A,$H$6) -> 10 | V18: =SUMIFS(Backup!$P:$P,Backup!$D:$D,'Top Sheet'!$W18,Backup!$A:$A,"<="&'Top Sheet'!$W$11,Backup!$A:$A,">="&'Top Sheet'!$X$11) -> 172 | W18: Pier 1600 mm | X18: =SUMIFS('Month-wise Plan'!$E7:$AA7,'Month-wise Plan'!$E$2:$AA$2,'Top Sheet'!$D$10) -> 0 | Y18: =SUMIFS(Backup!$M:$M,Backup!$D:$D,'Top Sheet'!$W18,Backup!$A:$A,"<="&'Top Sheet'!$W$11,Backup!$A:$A,">="&'Top Sheet'!$X$11) -> 172 | Z18: =SUMIFS('Month-wise Plan'!$E32:$AA32,'Month-wise Plan'!$E$2:$AA$2,'Top Sheet'!$D$10) -> 0 | AB18: Pier Cap | AC18: CuM | AD18: 5230.2353 | AE18: =SUMIFS(Backup!$P:$P,Backup!$D:$D,'Top Sheet'!$AB18) -> 5660 | AF18: =AE18/AD18 -> 1.0821693 | AG18: =AD18/'Civil S-curve'!$D7 -> 581.13725 | AH18: =AE18/'Civil S-curve'!$D7 -> 628.88889 | AI18: G | AJ18: =SUMIFS(Backup!$K:$K,Backup!$D:$D,Details!$B$8,Backup!$B:$B,AI18,Backup!$A:$A,"<="&'Top Sheet'!$W$11,Backup!$A:$A,">="&$X$11) -> 30 | AK18: =SUMIFS(Backup!$M:$M,Backup!$D:$D,Details!$B$9,Backup!$B:$B,AI18,Backup!$A:$A,"<="&'Top Sheet'!$W$11,Backup!$A:$A,">="&$X$11) -> 266 | AL18: =SUMIFS(Backup!$M:$M,Backup!$D:$D,Details!$B$10,Backup!$B:$B,AI18,Backup!$A:$A,"<="&'Top Sheet'!$W$11,Backup!$A:$A,">="&$X$11) -> 33 | AM18: =SUMIFS(Backup!$M:$M,Backup!$D:$D,Details!$B$11,Backup!$B:$B,AI18,Backup!$A:$A,"<="&'Top Sheet'!$W$11,Backup!$A:$A,">="&$X$11) -> 44 | AN18: =SUMIFS(Backup!$M:$M,Backup!$D:$D,Details!$B$12,Backup!$B:$B,AI18,Backup!$A:$A,"<="&'Top Sheet'!$W$11,Backup!$A:$A,">="&$X$11) -> 5 | AO18: =SUMIFS(Backup!$N:$N,Backup!$D:$D,Details!$B$13,Backup!$B:$B,AI18,Backup!$A:$A,"<="&'Top Sheet'!$W$11,Backup!$A:$A,">="&$X$11) -> 0 | AP18: =SUMIFS(Backup!$N:$N,Backup!$D:$D,Details!$B$14,Backup!$B:$B,AI18,Backup!$A:$A,"<="&'Top Sheet'!$W$11,Backup!$A:$A,">="&$X$11) -> 0 | AQ18: =SUMIFS(Backup!$N:$N,Backup!$D:$D,Details!$B$15,Backup!$B:$B,AI18,Backup!$A:$A,"<="&'Top Sheet'!$W$11,Backup!$A:$A,">="&$X$11) -> 0 | AR18: =SUMIFS(Backup!$N:$N,Backup!$D:$D,Details!$B$16,Backup!$B:$B,AI18,Backup!$A:$A,"<="&'Top Sheet'!$W$11,Backup!$A:$A,">="&$X$11) -> 12 | AS18: =SUMIFS(Backup!$N:$N,Backup!$D:$D,Details!$B$17,Backup!$B:$B,AI18,Backup!$A:$A,"<="&'Top Sheet'!$W$11,Backup!$A:$A,">="&$X$11) -> 0 | AT18: =SUMIFS(Backup!$N:$N,Backup!$D:$D,Details!$B$18,Backup!$B:$B,AI18,Backup!$A:$A,"<="&'Top Sheet'!$W$11,Backup!$A:$A,">="&$X$11) -> 0 | AU18: =SUMIFS(Backup!$N:$N,Backup!$D:$D,Details!$B$19,Backup!$B:$B,AI18,Backup!$A:$A,"<="&'Top Sheet'!$W$11,Backup!$A:$A,">="&$X$11) -> 0 | AV18: =SUMIFS(Backup!$N:$N,Backup!$D:$D,Details!$B$20,Backup!$B:$B,AI18,Backup!$A:$A,"<="&'Top Sheet'!$W$11,Backup!$A:$A,">="&$X$11) -> 0 | AW18: =SUMIFS(Backup!$N:$N,Backup!$D:$D,Details!$B$21,Backup!$B:$B,AI18,Backup!$A:$A,"<="&'Top Sheet'!$W$11,Backup!$A:$A,">="&$X$11) -> 0 | AX18: =SUMIFS(Backup!$N:$N,Backup!$D:$D,Details!$B$22,Backup!$B:$B,AI18,Backup!$A:$A,"<="&'Top Sheet'!$W$11,Backup!$A:$A,">="&$X$11) -> 0 | AY18: =SUMIFS(Backup!$N:$N,Backup!$D:$D,Details!$B$23,Backup!$B:$B,AI18,Backup!$A:$A,"<="&'Top Sheet'!$W$11,Backup!$A:$A,">="&$X$11) -> 0 | AZ18: =SUMIFS(Backup!$K:$K,Backup!$D:$D,Details!$B$24,Backup!$B:$B,AI18,Backup!$A:$A,"<="&'Top Sheet'!$W$11,Backup!$A:$A,">="&$X$11) -> 0 | BA18: =SUMIFS(Backup!$K:$K,Backup!$D:$D,Details!$B$14,Backup!$B:$B,$AI$18,Backup!$B:$B,"<="&'Top Sheet'!$W$11,Backup!$B:$B,">="&$X$11) -> 0
U19: =SUMIFS(Backup!$P:$P,Backup!$D:$D,W19, Backup!$A:$A,$H$6) -> 35 | V19: =SUMIFS(Backup!$P:$P,Backup!$D:$D,'Top Sheet'!$W19,Backup!$A:$A,"<="&'Top Sheet'!$W$11,Backup!$A:$A,">="&'Top Sheet'!$X$11) -> 196 | W19: Pier Cap | X19: =SUMIFS('Month-wise Plan'!$E8:$AA8,'Month-wise Plan'!$E$2:$AA$2,'Top Sheet'!$D$10) -> 0 | Y19: =SUMIFS(Backup!$N:$N,Backup!$D:$D,'Top Sheet'!$W19,Backup!$A:$A,"<="&'Top Sheet'!$W$11,Backup!$A:$A,">="&'Top Sheet'!$X$11) -> 196 | Z19: =SUMIFS('Month-wise Plan'!$E33:$AA33,'Month-wise Plan'!$E$2:$AA$2,'Top Sheet'!$D$10) -> 0 | AB19: Track Beam with Nose | AC19: CuM | AD19: 6973.6471 | AE19: =SUMIFS(Backup!$P:$P,Backup!$D:$D,'Top Sheet'!$AB19) -> 7728 | AF19: =AE19/AD19 -> 1.1081719 | AG19: =AD19/'Civil S-curve'!$D8 -> 581.13725 | AH19: =AE19/'Civil S-curve'!$D8 -> 644 | AI19: H | AJ19: =SUMIFS(Backup!$K:$K,Backup!$D:$D,Details!$B$8,Backup!$B:$B,AI19,Backup!$A:$A,"<="&'Top Sheet'!$W$11,Backup!$A:$A,">="&$X$11) -> 7 | AK19: =SUMIFS(Backup!$M:$M,Backup!$D:$D,Details!$B$9,Backup!$B:$B,AI19,Backup!$A:$A,"<="&'Top Sheet'!$W$11,Backup!$A:$A,">="&$X$11) -> 50 | AL19: =SUMIFS(Backup!$M:$M,Backup!$D:$D,Details!$B$10,Backup!$B:$B,AI19,Backup!$A:$A,"<="&'Top Sheet'!$W$11,Backup!$A:$A,">="&$X$11) -> 12 | AM19: =SUMIFS(Backup!$M:$M,Backup!$D:$D,Details!$B$11,Backup!$B:$B,AI19,Backup!$A:$A,"<="&'Top Sheet'!$W$11,Backup!$A:$A,">="&$X$11) -> 12 | AN19: =SUMIFS(Backup!$M:$M,Backup!$D:$D,Details!$B$12,Backup!$B:$B,AI19,Backup!$A:$A,"<="&'Top Sheet'!$W$11,Backup!$A:$A,">="&$X$11) -> 0 | AO19: =SUMIFS(Backup!$N:$N,Backup!$D:$D,Details!$B$13,Backup!$B:$B,AI19,Backup!$A:$A,"<="&'Top Sheet'!$W$11,Backup!$A:$A,">="&$X$11) -> 0 | AP19: =SUMIFS(Backup!$N:$N,Backup!$D:$D,Details!$B$14,Backup!$B:$B,AI19,Backup!$A:$A,"<="&'Top Sheet'!$W$11,Backup!$A:$A,">="&$X$11) -> 0 | AQ19: =SUMIFS(Backup!$N:$N,Backup!$D:$D,Details!$B$15,Backup!$B:$B,AI19,Backup!$A:$A,"<="&'Top Sheet'!$W$11,Backup!$A:$A,">="&$X$11) -> 0 | AR19: =SUMIFS(Backup!$N:$N,Backup!$D:$D,Details!$B$16,Backup!$B:$B,AI19,Backup!$A:$A,"<="&'Top Sheet'!$W$11,Backup!$A:$A,">="&$X$11) -> 72 | AS19: =SUMIFS(Backup!$N:$N,Backup!$D:$D,Details!$B$17,Backup!$B:$B,AI19,Backup!$A:$A,"<="&'Top Sheet'!$W$11,Backup!$A:$A,">="&$X$11) -> 0 | AT19: =SUMIFS(Backup!$N:$N,Backup!$D:$D,Details!$B$18,Backup!$B:$B,AI19,Backup!$A:$A,"<="&'Top Sheet'!$W$11,Backup!$A:$A,">="&$X$11) -> 0 | AU19: =SUMIFS(Backup!$N:$N,Backup!$D:$D,Details!$B$19,Backup!$B:$B,AI19,Backup!$A:$A,"<="&'Top Sheet'!$W$11,Backup!$A:$A,">="&$X$11) -> 0 | AV19: =SUMIFS(Backup!$N:$N,Backup!$D:$D,Details!$B$20,Backup!$B:$B,AI19,Backup!$A:$A,"<="&'Top Sheet'!$W$11,Backup!$A:$A,">="&$X$11) -> 0 | AW19: =SUMIFS(Backup!$N:$N,Backup!$D:$D,Details!$B$21,Backup!$B:$B,AI19,Backup!$A:$A,"<="&'Top Sheet'!$W$11,Backup!$A:$A,">="&$X$11) -> 0 | AX19: =SUMIFS(Backup!$N:$N,Backup!$D:$D,Details!$B$22,Backup!$B:$B,AI19,Backup!$A:$A,"<="&'Top Sheet'!$W$11,Backup!$A:$A,">="&$X$11) -> 0 | AY19: =SUMIFS(Backup!$N:$N,Backup!$D:$D,Details!$B$23,Backup!$B:$B,AI19,Backup!$A:$A,"<="&'Top Sheet'!$W$11,Backup!$A:$A,">="&$X$11) -> 0 | AZ19: =SUMIFS(Backup!$K:$K,Backup!$D:$D,Details!$B$24,Backup!$B:$B,AI19,Backup!$A:$A,"<="&'Top Sheet'!$W$11,Backup!$A:$A,">="&$X$11) -> 0 | BA19: =SUMIFS(Backup!$K:$K,Backup!$D:$D,Details!$B$15,Backup!$B:$B,$AI$19,Backup!$B:$B,"<="&'Top Sheet'!$W$11,Backup!$B:$B,">="&$X$11) -> 0
U20: =SUMIFS(Backup!$P:$P,Backup!$D:$D,W20, Backup!$A:$A,$H$6) -> 24 | V20: =SUMIFS(Backup!$P:$P,Backup!$D:$D,'Top Sheet'!$W20,Backup!$A:$A,"<="&'Top Sheet'!$W$11,Backup!$A:$A,">="&'Top Sheet'!$X$11) -> 264 | W20: Track Beam with Nose | X20: =SUMIFS('Month-wise Plan'!$E9:$AA9,'Month-wise Plan'!$E$2:$AA$2,'Top Sheet'!$D$10) -> 0 | Y20: =SUMIFS(Backup!$N:$N,Backup!$D:$D,'Top Sheet'!$W20,Backup!$A:$A,"<="&'Top Sheet'!$W$11,Backup!$A:$A,">="&'Top Sheet'!$X$11) -> 264 | Z20: =SUMIFS('Month-wise Plan'!$E34:$AA34,'Month-wise Plan'!$E$2:$AA$2,'Top Sheet'!$D$10) -> 0 | AB20: Track Beam without Nose | AC20: CuM | AD20: 6973.6471 | AE20: =SUMIFS(Backup!$P:$P,Backup!$D:$D,'Top Sheet'!$AB20) -> 9105 | AF20: =AE20/AD20 -> 1.3056296 | AG20: =AD20/'Civil S-curve'!$D9 -> 581.13725 | AH20: =AE20/'Civil S-curve'!$D9 -> 758.75 | AI20: I | AJ20: =SUMIFS(Backup!$K:$K,Backup!$D:$D,Details!$B$8,Backup!$B:$B,AI20,Backup!$A:$A,"<="&'Top Sheet'!$W$11,Backup!$A:$A,">="&$X$11) -> 0 | AK20: =SUMIFS(Backup!$M:$M,Backup!$D:$D,Details!$B$9,Backup!$B:$B,AI20,Backup!$A:$A,"<="&'Top Sheet'!$W$11,Backup!$A:$A,">="&$X$11) -> 0 | AL20: =SUMIFS(Backup!$M:$M,Backup!$D:$D,Details!$B$10,Backup!$B:$B,AI20,Backup!$A:$A,"<="&'Top Sheet'!$W$11,Backup!$A:$A,">="&$X$11) -> 0 | AM20: =SUMIFS(Backup!$M:$M,Backup!$D:$D,Details!$B$11,Backup!$B:$B,AI20,Backup!$A:$A,"<="&'Top Sheet'!$W$11,Backup!$A:$A,">="&$X$11) -> 0 | AN20: =SUMIFS(Backup!$M:$M,Backup!$D:$D,Details!$B$12,Backup!$B:$B,AI20,Backup!$A:$A,"<="&'Top Sheet'!$W$11,Backup!$A:$A,">="&$X$11) -> 0 | AO20: =SUMIFS(Backup!$N:$N,Backup!$D:$D,Details!$B$13,Backup!$B:$B,AI20,Backup!$A:$A,"<="&'Top Sheet'!$W$11,Backup!$A:$A,">="&$X$11) -> 0 | AP20: =SUMIFS(Backup!$N:$N,Backup!$D:$D,Details!$B$14,Backup!$B:$B,AI20,Backup!$A:$A,"<="&'Top Sheet'!$W$11,Backup!$A:$A,">="&$X$11) -> 0 | AQ20: =SUMIFS(Backup!$N:$N,Backup!$D:$D,Details!$B$15,Backup!$B:$B,AI20,Backup!$A:$A,"<="&'Top Sheet'!$W$11,Backup!$A:$A,">="&$X$11) -> 0 | AR20: =SUMIFS(Backup!$N:$N,Backup!$D:$D,Details!$B$16,Backup!$B:$B,AI20,Backup!$A:$A,"<="&'Top Sheet'!$W$11,Backup!$A:$A,">="&$X$11) -> 12 | AS20: =SUMIFS(Backup!$N:$N,Backup!$D:$D,Details!$B$17,Backup!$B:$B,AI20,Backup!$A:$A,"<="&'Top Sheet'!$W$11,Backup!$A:$A,">="&$X$11) -> 0 | AT20: =SUMIFS(Backup!$N:$N,Backup!$D:$D,Details!$B$18,Backup!$B:$B,AI20,Backup!$A:$A,"<="&'Top Sheet'!$W$11,Backup!$A:$A,">="&$X$11) -> 0 | AU20: =SUMIFS(Backup!$N:$N,Backup!$D:$D,Details!$B$19,Backup!$B:$B,AI20,Backup!$A:$A,"<="&'Top Sheet'!$W$11,Backup!$A:$A,">="&$X$11) -> 0 | AV20: =SUMIFS(Backup!$N:$N,Backup!$D:$D,Details!$B$20,Backup!$B:$B,AI20,Backup!$A:$A,"<="&'Top Sheet'!$W$11,Backup!$A:$A,">="&$X$11) -> 0 | AW20: =SUMIFS(Backup!$N:$N,Backup!$D:$D,Details!$B$21,Backup!$B:$B,AI20,Backup!$A:$A,"<="&'Top Sheet'!$W$11,Backup!$A:$A,">="&$X$11) -> 0 | AX20: =SUMIFS(Backup!$N:$N,Backup!$D:$D,Details!$B$22,Backup!$B:$B,AI20,Backup!$A:$A,"<="&'Top Sheet'!$W$11,Backup!$A:$A,">="&$X$11) -> 0 | AY20: =SUMIFS(Backup!$N:$N,Backup!$D:$D,Details!$B$23,Backup!$B:$B,AI20,Backup!$A:$A,"<="&'Top Sheet'!$W$11,Backup!$A:$A,">="&$X$11) -> 0 | AZ20: =SUMIFS(Backup!$K:$K,Backup!$D:$D,Details!$B$24,Backup!$B:$B,AI20,Backup!$A:$A,"<="&'Top Sheet'!$W$11,Backup!$A:$A,">="&$X$11) -> 0 | BA20: =SUMIFS(Backup!$K:$K,Backup!$D:$D,Details!$B$16,Backup!$B:$B,$AI$20,Backup!$B:$B,"<="&'Top Sheet'!$W$11,Backup!$B:$B,">="&$X$11) -> 0
R21: =F28/24 -> 82.291667 | U21: =SUMIFS(Backup!$P:$P,Backup!$D:$D,W21, Backup!$A:$A,$H$6) -> 12 | V21: =SUMIFS(Backup!$P:$P,Backup!$D:$D,'Top Sheet'!$W21,Backup!$A:$A,"<="&'Top Sheet'!$W$11,Backup!$A:$A,">="&'Top Sheet'!$X$11) -> 204 | W21: Track Beam without Nose | X21: =SUMIFS('Month-wise Plan'!$E10:$AA10,'Month-wise Plan'!$E$2:$AA$2,'Top Sheet'!$D$10) -> 0 | Y21: =SUMIFS(Backup!$N:$N,Backup!$D:$D,'Top Sheet'!$W21,Backup!$A:$A,"<="&'Top Sheet'!$W$11,Backup!$A:$A,">="&'Top Sheet'!$X$11) -> 204 | Z21: =SUMIFS('Month-wise Plan'!$E35:$AA35,'Month-wise Plan'!$E$2:$AA$2,'Top Sheet'!$D$10) -> 0 | AB21: h - Section Beam | AC21: CuM | AD21: 6973.6471 | AE21: =SUMIFS(Backup!$P:$P,Backup!$D:$D,'Top Sheet'!$AB21) -> 2887.5 | AF21: =AE21/AD21 -> 0.41405881 | AG21: =AD21/'Civil S-curve'!$D10 -> 581.13725 | AH21: =AE21/'Civil S-curve'!$D10 -> 240.625 | AI21: J | AJ21: =SUMIFS(Backup!$K:$K,Backup!$D:$D,Details!$B$8,Backup!$B:$B,AI21,Backup!$A:$A,"<="&'Top Sheet'!$W$11,Backup!$A:$A,">="&$X$11) -> 0 | AK21: =SUMIFS(Backup!$M:$M,Backup!$D:$D,Details!$B$9,Backup!$B:$B,AI21,Backup!$A:$A,"<="&'Top Sheet'!$W$11,Backup!$A:$A,">="&$X$11) -> 0 | AL21: =SUMIFS(Backup!$M:$M,Backup!$D:$D,Details!$B$10,Backup!$B:$B,AI21,Backup!$A:$A,"<="&'Top Sheet'!$W$11,Backup!$A:$A,">="&$X$11) -> 0 | AM21: =SUMIFS(Backup!$M:$M,Backup!$D:$D,Details!$B$11,Backup!$B:$B,AI21,Backup!$A:$A,"<="&'Top Sheet'!$W$11,Backup!$A:$A,">="&$X$11) -> 0 | AN21: =SUMIFS(Backup!$M:$M,Backup!$D:$D,Details!$B$12,Backup!$B:$B,AI21,Backup!$A:$A,"<="&'Top Sheet'!$W$11,Backup!$A:$A,">="&$X$11) -> 0 | AO21: =SUMIFS(Backup!$N:$N,Backup!$D:$D,Details!$B$13,Backup!$B:$B,AI21,Backup!$A:$A,"<="&'Top Sheet'!$W$11,Backup!$A:$A,">="&$X$11) -> 65 | AP21: =SUMIFS(Backup!$N:$N,Backup!$D:$D,Details!$B$14,Backup!$B:$B,AI21,Backup!$A:$A,"<="&'Top Sheet'!$W$11,Backup!$A:$A,">="&$X$11) -> 24 | AQ21: =SUMIFS(Backup!$N:$N,Backup!$D:$D,Details!$B$15,Backup!$B:$B,AI21,Backup!$A:$A,"<="&'Top Sheet'!$W$11,Backup!$A:$A,">="&$X$11) -> 0 | AR21: =SUMIFS(Backup!$N:$N,Backup!$D:$D,Details!$B$16,Backup!$B:$B,AI21,Backup!$A:$A,"<="&'Top Sheet'!$W$11,Backup!$A:$A,">="&$X$11) -> 0 | AS21: =SUMIFS(Backup!$N:$N,Backup!$D:$D,Details!$B$17,Backup!$B:$B,AI21,Backup!$A:$A,"<="&'Top Sheet'!$W$11,Backup!$A:$A,">="&$X$11) -> 0 | AT21: =SUMIFS(Backup!$N:$N,Backup!$D:$D,Details!$B$18,Backup!$B:$B,AI21,Backup!$A:$A,"<="&'Top Sheet'!$W$11,Backup!$A:$A,">="&$X$11) -> 0 | AU21: =SUMIFS(Backup!$N:$N,Backup!$D:$D,Details!$B$19,Backup!$B:$B,AI21,Backup!$A:$A,"<="&'Top Sheet'!$W$11,Backup!$A:$A,">="&$X$11) -> 0 | AV21: =SUMIFS(Backup!$N:$N,Backup!$D:$D,Details!$B$20,Backup!$B:$B,AI21,Backup!$A:$A,"<="&'Top Sheet'!$W$11,Backup!$A:$A,">="&$X$11) -> 0 | AW21: =SUMIFS(Backup!$N:$N,Backup!$D:$D,Details!$B$21,Backup!$B:$B,AI21,Backup!$A:$A,"<="&'Top Sheet'!$W$11,Backup!$A:$A,">="&$X$11) -> 0 | AX21: =SUMIFS(Backup!$N:$N,Backup!$D:$D,Details!$B$22,Backup!$B:$B,AI21,Backup!$A:$A,"<="&'Top Sheet'!$W$11,Backup!$A:$A,">="&$X$11) -> 0 | AY21: =SUMIFS(Backup!$N:$N,Backup!$D:$D,Details!$B$23,Backup!$B:$B,AI21,Backup!$A:$A,"<="&'Top Sheet'!$W$11,Backup!$A:$A,">="&$X$11) -> 0 | AZ21: =SUMIFS(Backup!$K:$K,Backup!$D:$D,Details!$B$24,Backup!$B:$B,AI21,Backup!$A:$A,"<="&'Top Sheet'!$W$11,Backup!$A:$A,">="&$X$11) -> 0 | BA21: =SUMIFS(Backup!$K:$K,Backup!$D:$D,Details!$B$17,Backup!$B:$B,$AI$21,Backup!$B:$B,"<="&'Top Sheet'!$W$11,Backup!$B:$B,">="&$X$11) -> 0
U22: =SUMIFS(Backup!$P:$P,Backup!$D:$D,W22, Backup!$A:$A,$H$6) -> 24 | V22: =SUMIFS(Backup!$P:$P,Backup!$D:$D,'Top Sheet'!$W22,Backup!$A:$A,"<="&'Top Sheet'!$W$11,Backup!$A:$A,">="&'Top Sheet'!$X$11) -> 288 | W22: h - Section Beam | X22: =SUMIFS('Month-wise Plan'!$E11:$AA11,'Month-wise Plan'!$E$2:$AA$2,'Top Sheet'!$D$10) -> 0 | Y22: =SUMIFS(Backup!$N:$N,Backup!$D:$D,'Top Sheet'!$W22,Backup!$A:$A,"<="&'Top Sheet'!$W$11,Backup!$A:$A,">="&'Top Sheet'!$X$11) -> 288 | Z22: =SUMIFS('Month-wise Plan'!$E36:$AA36,'Month-wise Plan'!$E$2:$AA$2,'Top Sheet'!$D$10) -> 0 | AB22: U - Section Beam | AC22: CuM | AD22: 6973.6471 | AE22: =SUMIFS(Backup!$P:$P,Backup!$D:$D,'Top Sheet'!$AB22) -> 2896.5 | AF22: =AE22/AD22 -> 0.41534938 | AG22: =AD22/'Civil S-curve'!$D11 -> 581.13725 | AH22: =AE22/'Civil S-curve'!$D11 -> 241.375 | AI22: K | AJ22: =SUMIFS(Backup!$K:$K,Backup!$D:$D,Details!$B$8,Backup!$B:$B,AI22,Backup!$A:$A,"<="&'Top Sheet'!$W$11,Backup!$A:$A,">="&$X$11) -> 0 | AK22: =SUMIFS(Backup!$M:$M,Backup!$D:$D,Details!$B$9,Backup!$B:$B,AI22,Backup!$A:$A,"<="&'Top Sheet'!$W$11,Backup!$A:$A,">="&$X$11) -> 0 | AL22: =SUMIFS(Backup!$M:$M,Backup!$D:$D,Details!$B$10,Backup!$B:$B,AI22,Backup!$A:$A,"<="&'Top Sheet'!$W$11,Backup!$A:$A,">="&$X$11) -> 0 | AM22: =SUMIFS(Backup!$M:$M,Backup!$D:$D,Details!$B$11,Backup!$B:$B,AI22,Backup!$A:$A,"<="&'Top Sheet'!$W$11,Backup!$A:$A,">="&$X$11) -> 0 | AN22: =SUMIFS(Backup!$M:$M,Backup!$D:$D,Details!$B$12,Backup!$B:$B,AI22,Backup!$A:$A,"<="&'Top Sheet'!$W$11,Backup!$A:$A,">="&$X$11) -> 167 | AO22: =SUMIFS(Backup!$N:$N,Backup!$D:$D,Details!$B$13,Backup!$B:$B,AI22,Backup!$A:$A,"<="&'Top Sheet'!$W$11,Backup!$A:$A,">="&$X$11) -> 0 | AP22: =SUMIFS(Backup!$N:$N,Backup!$D:$D,Details!$B$14,Backup!$B:$B,AI22,Backup!$A:$A,"<="&'Top Sheet'!$W$11,Backup!$A:$A,">="&$X$11) -> 168 | AQ22: =SUMIFS(Backup!$N:$N,Backup!$D:$D,Details!$B$15,Backup!$B:$B,AI22,Backup!$A:$A,"<="&'Top Sheet'!$W$11,Backup!$A:$A,">="&$X$11) -> 180 | AR22: =SUMIFS(Backup!$N:$N,Backup!$D:$D,Details!$B$16,Backup!$B:$B,AI22,Backup!$A:$A,"<="&'Top Sheet'!$W$11,Backup!$A:$A,">="&$X$11) -> 36 | AS22: =SUMIFS(Backup!$N:$N,Backup!$D:$D,Details!$B$17,Backup!$B:$B,AI22,Backup!$A:$A,"<="&'Top Sheet'!$W$11,Backup!$A:$A,">="&$X$11) -> 36 | AT22: =SUMIFS(Backup!$N:$N,Backup!$D:$D,Details!$B$18,Backup!$B:$B,AI22,Backup!$A:$A,"<="&'Top Sheet'!$W$11,Backup!$A:$A,">="&$X$11) -> 0 | AU22: =SUMIFS(Backup!$N:$N,Backup!$D:$D,Details!$B$19,Backup!$B:$B,AI22,Backup!$A:$A,"<="&'Top Sheet'!$W$11,Backup!$A:$A,">="&$X$11) -> 0 | AV22: =SUMIFS(Backup!$N:$N,Backup!$D:$D,Details!$B$20,Backup!$B:$B,AI22,Backup!$A:$A,"<="&'Top Sheet'!$W$11,Backup!$A:$A,">="&$X$11) -> 0 | AW22: =SUMIFS(Backup!$N:$N,Backup!$D:$D,Details!$B$21,Backup!$B:$B,AI22,Backup!$A:$A,"<="&'Top Sheet'!$W$11,Backup!$A:$A,">="&$X$11) -> 0 | AX22: =SUMIFS(Backup!$N:$N,Backup!$D:$D,Details!$B$22,Backup!$B:$B,AI22,Backup!$A:$A,"<="&'Top Sheet'!$W$11,Backup!$A:$A,">="&$X$11) -> 0 | AY22: =SUMIFS(Backup!$N:$N,Backup!$D:$D,Details!$B$23,Backup!$B:$B,AI22,Backup!$A:$A,"<="&'Top Sheet'!$W$11,Backup!$A:$A,">="&$X$11) -> 0 | AZ22: =SUMIFS(Backup!$K:$K,Backup!$D:$D,Details!$B$24,Backup!$B:$B,AI22,Backup!$A:$A,"<="&'Top Sheet'!$W$11,Backup!$A:$A,">="&$X$11) -> 0 | BA22: =SUMIFS(Backup!$K:$K,Backup!$D:$D,Details!$B$17,Backup!$B:$B,$AI$21,Backup!$B:$B,"<="&'Top Sheet'!$W$11,Backup!$B:$B,">="&$X$11) -> 0
U23: =SUMIFS(Backup!$P:$P,Backup!$D:$D,W23, Backup!$A:$A,$H$6) -> 0 | V23: =SUMIFS(Backup!$P:$P,Backup!$D:$D,'Top Sheet'!$W23,Backup!$A:$A,"<="&'Top Sheet'!$W$11,Backup!$A:$A,">="&'Top Sheet'!$X$11) -> 36 | W23: U - Section Beam | X23: =SUMIFS('Month-wise Plan'!$E12:$AA12,'Month-wise Plan'!$E$2:$AA$2,'Top Sheet'!$D$10) -> 0 | Y23: =SUMIFS(Backup!$N:$N,Backup!$D:$D,'Top Sheet'!$W23,Backup!$A:$A,"<="&'Top Sheet'!$W$11,Backup!$A:$A,">="&'Top Sheet'!$X$11) -> 36 | Z23: =SUMIFS('Month-wise Plan'!$E37:$AA37,'Month-wise Plan'!$E$2:$AA$2,'Top Sheet'!$D$10) -> 0 | AB23: Pre-cast Slab | AC23: CuM | AD23: 0 | AE23: =SUMIFS(Backup!$P:$P,Backup!$D:$D,'Top Sheet'!$AB23) -> 196.5 | AF23: =AE23/AD23 -> #DIV/0! | AJ23: =SUM(AJ12:AJ22) -> 109 | AK23: =SUM(AK12:AK22) -> 476 | AL23: =SUM(AL12:AL22) -> 80 | AM23: =SUM(AM12:AM22) -> 68 | AN23: =SUM(AN12:AN22) -> 172 | AO23: =SUM(AO12:AO22) -> 196 | AP23: =SUM(AP12:AP22) -> 264 | AQ23: =SUM(AQ12:AQ22) -> 204 | ... BA23: =SUM(BA12:BA22) -> 0
U24: =SUMIFS(Backup!$P:$P,Backup!$D:$D,W24, Backup!$A:$A,$H$6) -> 0 | V24: =SUMIFS(Backup!$P:$P,Backup!$D:$D,'Top Sheet'!$W24,Backup!$A:$A,"<="&'Top Sheet'!$W$11,Backup!$A:$A,">="&'Top Sheet'!$X$11) -> 2.5 | W24: Pre-cast Slab | X24: =SUMIFS('Month-wise Plan'!$E13:$AA13,'Month-wise Plan'!$E$2:$AA$2,'Top Sheet'!$D$10) -> 0 | Y24: =SUMIFS(Backup!$N:$N,Backup!$D:$D,'Top Sheet'!$W24,Backup!$A:$A,"<="&'Top Sheet'!$W$11,Backup!$A:$A,">="&'Top Sheet'!$X$11) -> 2.5 | Z24: =SUMIFS('Month-wise Plan'!$E38:$AA38,'Month-wise Plan'!$E$2:$AA$2,'Top Sheet'!$D$10) -> 0 | AB24: Erection-Track Beam with Nose | AC24: CuM | AD24: =SUMIFS('Month-wise Plan'!$E19:$AA19,'Month-wise Plan'!$E$2:$AA$2,'Top Sheet'!$D$10) -> 0 | AE24: =SUMIFS(Backup!$H:$H,Backup!$D:$D,'Top Sheet'!$AB24) -> 388 | AF24: =IFERROR(AE24/AD24,0%) -> 0
U25: =SUMIFS(Backup!$H:$H,Backup!$D:$D,W25, Backup!$A:$A,$H$6) -> 0 | V25: =SUMIFS(Backup!$H:$H,Backup!$D:$D,'Top Sheet'!$W25,Backup!$A:$A,"<="&'Top Sheet'!$W$11,Backup!$A:$A,">="&'Top Sheet'!$X$11) -> 24 | W25: Erection-Track Beam with Nose | X25: =SUMIFS('Month-wise Plan'!$E44:$AA44,'Month-wise Plan'!$E$2:$AA$2,'Top Sheet'!$D$10) -> 0 | Y25: =SUMIFS(Backup!$H:$H,Backup!$D:$D,'Top Sheet'!$W25,Backup!$A:$A,"<="&'Top Sheet'!$W$11,Backup!$A:$A,">="&'Top Sheet'!$X$11) -> 24 | Z25: =SUMIFS('Month-wise Plan'!$E44:$AA44,'Month-wise Plan'!$E$2:$AA$2,'Top Sheet'!$D$10) -> 0 | AB25: Erection-Track Beam without Nose | AC25: CuM | AD25: =SUMIFS('Month-wise Plan'!$E20:$AA20,'Month-wise Plan'!$E$2:$AA$2,'Top Sheet'!$D$10) -> 0 | AE25: =SUMIFS(Backup!$H:$H,Backup!$D:$D,'Top Sheet'!$AB25) -> 451 | AF25: =IFERROR(AE25/AD25,0%) -> 0
B26: CIVIL (RCC) PROGRESS | U26: =SUMIFS(Backup!$H:$H,Backup!$D:$D,W26, Backup!$A:$A,$H$6) -> 0 | V26: =SUMIFS(Backup!$H:$H,Backup!$D:$D,'Top Sheet'!$W26,Backup!$A:$A,"<="&'Top Sheet'!$W$11,Backup!$A:$A,">="&'Top Sheet'!$X$11) -> 12 | W26: Erection-Track Beam without Nose | X26: =SUMIFS('Month-wise Plan'!$E45:$AA45,'Month-wise Plan'!$E$2:$AA$2,'Top Sheet'!$D$10) -> 0 | Y26: =SUMIFS(Backup!$H:$H,Backup!$D:$D,'Top Sheet'!$W26,Backup!$A:$A,"<="&'Top Sheet'!$W$11,Backup!$A:$A,">="&'Top Sheet'!$X$11) -> 12 | Z26: =SUMIFS('Month-wise Plan'!$E45:$AA45,'Month-wise Plan'!$E$2:$AA$2,'Top Sheet'!$D$10) -> 0 | AB26: Erection-h - Section Beam | AC26: CuM | AD26: =SUMIFS('Month-wise Plan'!$E21:$AA21,'Month-wise Plan'!$E$2:$AA$2,'Top Sheet'!$D$10) -> 0 | AE26: =SUMIFS(Backup!$H:$H,Backup!$D:$D,'Top Sheet'!$AB26) -> 164 | AF26: =IFERROR(AE26/AD26,0%) -> 0
B27: Total Scope: | C27: =62550+7000 -> 69550 | D27: cum | E27: Month Plan: | F27: ='Dec-23 Plan'!M53 -> 4037 | G27: cum | H27: Engineering Progress: | I27: Scope: | J27: =62550+7000 -> 69550 | K27: cum | U27: =SUMIFS(Backup!$H:$H,Backup!$D:$D,W27, Backup!$A:$A,$H$6) -> 0 | V27: =SUMIFS(Backup!$H:$H,Backup!$D:$D,'Top Sheet'!$W27,Backup!$A:$A,"<="&'Top Sheet'!$W$11,Backup!$A:$A,">="&'Top Sheet'!$X$11) -> 10 | W27: Erection-h - Section Beam | X27: =SUMIFS('Month-wise Plan'!$E46:$AA46,'Month-wise Plan'!$E$2:$AA$2,'Top Sheet'!$D$10) -> 0 | Y27: =SUMIFS(Backup!$H:$H,Backup!$D:$D,'Top Sheet'!$W27,Backup!$A:$A,"<="&'Top Sheet'!$W$11,Backup!$A:$A,">="&'Top Sheet'!$X$11) -> 10 | Z27: =SUMIFS('Month-wise Plan'!$E46:$AA46,'Month-wise Plan'!$E$2:$AA$2,'Top Sheet'!$D$10) -> 0 | AB27: Erection-U - Section Beam | AC27: CuM | AD27: =SUMIFS('Month-wise Plan'!$E22:$AA22,'Month-wise Plan'!$E$2:$AA$2,'Top Sheet'!$D$10) -> 0 | AE27: =SUMIFS(Backup!$H:$H,Backup!$D:$D,'Top Sheet'!$AB27) -> 173 | AF27: =IFERROR(AE27/AD27,0%) -> 0
B28: Actual till date: | C28: =AE44 -> 54088.55 | D28: cum | E28: Month Actual: | F28: =V44 -> 1975 | G28: cum | I28: Achieved: | J28: 69550 | K28: cum | M28: =F28/F27 -> 0.48922467 | N28: =C28/C27 -> 0.77769303 | O28: =C27-C28 -> 15461.45 | P28: =O28/4 -> 3865.3625 | U28: =SUMIFS(Backup!$H:$H,Backup!$D:$D,W28, Backup!$A:$A,$H$6) -> 2 | V28: =SUMIFS(Backup!$H:$H,Backup!$D:$D,'Top Sheet'!$W28,Backup!$A:$A,"<="&'Top Sheet'!$W$11,Backup!$A:$A,">="&'Top Sheet'!$X$11) -> 13 | W28: Erection-U - Section Beam | X28: =SUMIFS('Month-wise Plan'!$E47:$AA47,'Month-wise Plan'!$E$2:$AA$2,'Top Sheet'!$D$10) -> 0 | Y28: =SUMIFS(Backup!$H:$H,Backup!$D:$D,'Top Sheet'!$W28,Backup!$A:$A,"<="&'Top Sheet'!$W$11,Backup!$A:$A,">="&'Top Sheet'!$X$11) -> 13 | Z28: =SUMIFS('Month-wise Plan'!$E47:$AA47,'Month-wise Plan'!$E$2:$AA$2,'Top Sheet'!$D$10) -> 0 | AB28: Erection-Pre-cast Slab | AC28: CuM | AD28: =SUMIFS('Month-wise Plan'!$E23:$AA23,'Month-wise Plan'!$E$2:$AA$2,'Top Sheet'!$D$10) -> 0 | AE28: =SUMIFS(Backup!$H:$H,Backup!$D:$D,'Top Sheet'!$AB28) -> 333 | AF28: =IFERROR(AE28/AD28,0%) -> 0
B29: Balance till date: | C29: =C27-C28 -> 15461.45 | D29: cum | E29: Balance FTM: | F29: =F27-F28 -> 2062 | G29: cum | I29: Balance: | J29: =J27-J28 -> 0 | K29: cum | U29: =SUMIFS(Backup!$H:$H,Backup!$D:$D,W29, Backup!$A:$A,$H$6) -> 0 | V29: =SUMIFS(Backup!$H:$H,Backup!$D:$D,'Top Sheet'!$W29,Backup!$A:$A,"<="&'Top Sheet'!$W$11,Backup!$A:$A,">="&'Top Sheet'!$X$11) -> 0 | W29: Erection-Pre-cast Slab | X29: =SUMIFS('Month-wise Plan'!$E48:$AA48,'Month-wise Plan'!$E$2:$AA$2,'Top Sheet'!$D$10) -> 0 | Y29: =SUMIFS(Backup!$H:$H,Backup!$D:$D,'Top Sheet'!$W29,Backup!$A:$A,"<="&'Top Sheet'!$W$11,Backup!$A:$A,">="&'Top Sheet'!$X$11) -> 0 | Z29: =SUMIFS('Month-wise Plan'!$E48:$AA48,'Month-wise Plan'!$E$2:$AA$2,'Top Sheet'!$D$10) -> 0 | AB29: Track Laying | AC29: Km | AD29: =SUMIFS('Month-wise Plan'!$E24:$AA24,'Month-wise Plan'!$E$2:$AA$2,'Top Sheet'!$D$10) -> 0 | AE29: =SUMIFS(Backup!$H:$H,Backup!$D:$D,'Top Sheet'!$AB29,Backup!$A:$A,"<="&'Top Sheet'!$W$11,Backup!$A:$A,">="&'Top Sheet'!$X$11) -> 0 | AF29: =IFERROR(AE29/AD29,0%) -> 0
B30: PRECAST SEGMENT ERECTION PROGRESS | U30: =SUMIFS(Backup!$P:$P,Backup!$D:$D,W30, Backup!$A:$A,$H$6) -> 0 | W30: Track Laying | X30: =SUMIFS('Month-wise Plan'!$E24:$AA24,'Month-wise Plan'!$E$2:$AA$2,'Top Sheet'!$D$10) -> 0 | Y30: =SUMIFS(Backup!$N:$N,Backup!$D:$D,'Top Sheet'!$W30,Backup!$A:$A,"<="&'Top Sheet'!$W$11,Backup!$A:$A,">="&'Top Sheet'!$X$11) -> 0 | Z30: =SUMIFS('Month-wise Plan'!$E49:$AA49,'Month-wise Plan'!$E$2:$AA$2,'Top Sheet'!$D$10) -> 0 | AB30: Abutment wall- PART-A | AC30: CuM | AE30: =SUMIFS(Backup!$P:$P,Backup!$D:$D,'Top Sheet'!$AB30) -> 673
B31: Total Scope: | C31: ='Pre-cast Erection S-Curve'!E71 -> 3004 | D31: nos. | E31: Month Plan: | F31: ='Dec-23 Plan'!Q71 -> 245 | G31: nos. | H31: Engineering Progress: | I31: Scope: | J31: =C31 -> 3004 | K31: nos. | W31: Concreting | X31: =SUM(X14:X24) -> 0 | Y31: =SUM(Y14:Y24) -> 1895.5 | Z31: =SUM(Z14:Z24) -> 0 | AB31: Abutment wall- PART-D | AC31: CuM | AE31: =SUMIFS(Backup!$P:$P,Backup!$D:$D,'Top Sheet'!$AB31) -> 595
B32: Actual till date: | C32: =AE45 -> 1509 | D32: nos. | E32: Month Actual: | F32: =V45 -> 59 | G32: nos. | I32: Achieved: | J32: ='Engg S-curve'!U13 -> 3004 | K32: nos. | M32: =F32/F31 -> 0.24081633 | N32: =C32/C31 -> 0.50233023 | W32: Erection | X32: =SUM(X25:X29) -> 0 | Y32: =SUM(Y25:Y29) -> 59 | Z32: =SUM(Z25:Z29) -> 0 | AB32: Cast In-situ slab- 1- PART-G | AC32: CuM | AE32: =SUMIFS(Backup!$P:$P,Backup!$D:$D,'Top Sheet'!$AB32) -> 0
B33: Balance till date: | C33: =C31-C32 -> 1495 | D33: nos. | E33: Balance FTM: | F33: =F31-F32 -> 186 | G33: nos. | I33: Balance: | J33: =J31-J32 -> 0 | K33: nos. | AB33: Cast In-situ slab- 2- PART-G | AC33: CuM | AE33: =SUMIFS(Backup!$P:$P,Backup!$D:$D,'Top Sheet'!$AB33) -> 0
B34: TRACK LINKING
B35: Total Scope: | C35: 5152 | D35: RM | E35: Month Plan: | F35: ='Dec-23 Plan'!C101 -> 560 | G35: RM | H35: Engineering Progress: | I35: Scope: | J35: =C35 -> 5152 | K35: RM
B36: Actual till date: | C36: =V50 -> 1378 | D36: RM | E36: Month Actual: | F36: =V48 -> 470 | G36: RM | I36: Achieved: | J36: 5152 | K36: RM
B37: Balance till date: | C37: =C35-C36 -> 3774 | D37: RM | E37: Balance FTM: | F37: =F35-F36 -> 90 | G37: RM | I37: Balance: | J37: =J35-J36 -> 0 | K37: RM
B38: TODAY'S PROGRESS | U38: =SUMIFS(Backup!$P:$P,Backup!$D:$D,W38, Backup!$A:$A,$H$6) -> 0 | V38: =SUMIFS(Backup!$P:$P,Backup!$D:$D,'Top Sheet'!$W38,Backup!$A:$A,"<="&'Top Sheet'!$W$11,Backup!$A:$A,">="&'Top Sheet'!$X$11) -> 82 | W38: Abutment wall- PART-A | Y38: =SUMIFS(Backup!$H:$H,Backup!$D:$D,'Top Sheet'!$W38,Backup!$A:$A,"<="&'Top Sheet'!$W$11,Backup!$A:$A,">="&'Top Sheet'!$X$11) -> 0 | AB38: Cast In-situ slab- PART-C | AC38: CuM | AE38: =SUMIFS(Backup!$P:$P,Backup!$D:$D,'Top Sheet'!$AB38) -> 862
B39: Item Description | C39: UOM | D39: Today's Progress | E39: Asking Rate | U39: =SUMIFS(Backup!$P:$P,Backup!$D:$D,W39, Backup!$A:$A,$H$6) -> 0 | V39: =SUMIFS(Backup!$P:$P,Backup!$D:$D,'Top Sheet'!$W39,Backup!$A:$A,"<="&'Top Sheet'!$W$11,Backup!$A:$A,">="&'Top Sheet'!$X$11) -> 0 | W39: Abutment wall- PART-D | Y39: =SUMIFS(Backup!$H:$H,Backup!$D:$D,'Top Sheet'!$W39,Backup!$A:$A,"<="&'Top Sheet'!$W$11,Backup!$A:$A,">="&'Top Sheet'!$X$11) -> 0
B40: PCC | C40: Cum | D40: =Details!L8 -> 28 | E40: =Details!M8 -> -8 | U40: =SUMIFS(Backup!$P:$P,Backup!$D:$D,W40, Backup!$A:$A,$H$6) -> 0 | V40: =SUMIFS(Backup!$P:$P,Backup!$D:$D,'Top Sheet'!$W40,Backup!$A:$A,"<="&'Top Sheet'!$W$11,Backup!$A:$A,">="&'Top Sheet'!$X$11) -> 0 | W40: Cast In-situ slab- 1- PART-G | Y40: =SUMIFS(Backup!$H:$H,Backup!$D:$D,'Top Sheet'!$W40,Backup!$A:$A,"<="&'Top Sheet'!$W$11,Backup!$A:$A,">="&'Top Sheet'!$X$11) -> 0
B41: RCC Foundation | C41: Cum | D41: =Details!L9 -> 40 | E41: =Details!M9 -> -37 | U41: =SUMIFS(Backup!$P:$P,Backup!$D:$D,W41, Backup!$A:$A,$H$6) -> 0 | V41: =SUMIFS(Backup!$P:$P,Backup!$D:$D,'Top Sheet'!$W41,Backup!$A:$A,"<="&'Top Sheet'!$W$11,Backup!$A:$A,">="&'Top Sheet'!$X$11) -> 0 | W41: Cast In-situ slab- 2- PART-G | Y41: =SUMIFS(Backup!$H:$H,Backup!$D:$D,'Top Sheet'!$W41,Backup!$A:$A,"<="&'Top Sheet'!$W$11,Backup!$A:$A,">="&'Top Sheet'!$X$11) -> 0
B42: Step Footing | C42: Cum | D42: =Details!L10 -> 5 | E42: =Details!M10 -> -6 | U42: =SUMIFS(Backup!$P:$P,Backup!$D:$D,W42, Backup!$A:$A,$H$6) -> 0 | V42: =SUMIFS(Backup!$P:$P,Backup!$D:$D,'Top Sheet'!$W42,Backup!$A:$A,"<="&'Top Sheet'!$W$11,Backup!$A:$A,">="&'Top Sheet'!$X$11) -> 0 | W42: Cast In-situ slab- PART-C | Y42: =SUMIFS(Backup!$H:$H,Backup!$D:$D,'Top Sheet'!$W42,Backup!$A:$A,"<="&'Top Sheet'!$W$11,Backup!$A:$A,">="&'Top Sheet'!$X$11) -> 0
B43: Pier 1900 mm | C43: Cum | D43: =Details!L11 -> 12 | E43: =Details!M11 -> -5
B44: Pier 1600 mm | C44: Cum | D44: =Details!L12 -> 10 | E44: =Details!M12 -> -13 | T44: Concrete | U44: =SUM(U13:U24)+SUM(U38:U42) -> 190 | V44: =SUM(V13:V23)+SUM(V30:V38) -> 1975 | W44: cum | AB44: Concreting till date | AE44: =SUM(AE13:AE23)+SUM(AE30:AE38) -> 54088.55 | AF44: cum
B45: Pier Cap | C45: Cum | D45: =Details!L13 -> 35 | E45: =Details!M13 -> -15 | T45: Erection | U45: =SUM(U25:U29) -> 2 | V45: =SUM(V25:V29) -> 59 | W45: nos. | AB45: Erection till date | AE45: =SUM(AE24:AE28) -> 1509 | AF45: nos.
B46: Track Beam with Nose | C46: Cum | D46: =Details!L14 -> 24 | E46: =Details!M14 -> -20
B47: Track Beam without Nose | C47: Cum | D47: =Details!L15 -> 12 | E47: =Details!M15 -> -16
B48: h - Section Beam | C48: Cum | D48: =Details!L16 -> 24 | E48: =Details!M16 -> -22 | T48: Track Laying | V48: =SUMIFS(Backup!$I:$I,Backup!$D:$D,'Top Sheet'!$T48,Backup!$A:$A,"<="&'Top Sheet'!$W$11,Backup!$A:$A,">="&'Top Sheet'!$X$11) -> 470 | W48: Monthly actual
B49: U - Section Beam | C49: Cum | D49: =Details!L17 -> 0 | E49: =Details!M17 -> -3 | V49: =SUMIFS(Backup!$I:$I,Backup!$D:$D,T48, Backup!$A:$A,$H$6) -> 0 | W49: Daily Actual
B50: Pre-cast Slab | C50: Cum | D50: =Details!L18 -> 0 | E50: =Details!M18 -> 0 | V50: =SUMIFS(Backup!$I:$I,Backup!$D:$D,'Top Sheet'!$T48) -> 1378 | W50: Completed till date
B52: Total Concrete for the Day | D52: =SUM(D40:D50) -> 190 | E52: =SUM(E40:E50) -> -145
B54: Item Description | C54: UOM | D54: Today's Progress | E54: Asking Rate
B55: Erection-Track Beam with Nose | C55: Nos. | D55: =Details!L19 -> 0 | E55: =Details!M19 -> 0
B56: Erection-Track Beam without Nose | C56: Nos. | D56: =Details!L20 -> 0 | E56: =Details!M20 -> 0
B57: Erection-h - Section Beam | C57: Nos. | D57: =Details!L21 -> 0 | E57: =Details!M21 -> 0
B58: Erection-U - Section Beam | C58: Nos. | D58: =Details!L22 -> 2 | E58: =Details!M22 -> 0
B59: Erection-Pre-cast Slab | C59: Nos. | D59: =Details!L23 -> 0 | E59: =Details!M23 -> 0
B61: Total Erection for the Day | D61: =SUM(D55:D60) -> 2 | E61: =SUM(E55:E60) -> 0
B62: REMARKS / ISSUES OF THE DAY | Y62: =SUM(Y14:Y24) -> 1895.5
B63: 1)
B64: 2)
B65: 3)
B66: 4)
B67: Rain Status:

Sheet Automated DPR
F2: REPORT DATE | G2: ='Top Sheet'!H6 -> 45278 | H2: WEATHER : | I2: Sunny
F4: REPORTING DATE | G4: ='Top Sheet'!H8 -> 45279 | H4: WORKING : | I4: Full day
B6: Total Scope: | C6: =62550+7000 -> 69550 | D6: cum | E6: Month Plan: | F6: 4036 | G6: cum | H6: Engineering Progress: | I6: Scope: | J6: =62550+7000 -> 69550 | K6: cum
B7: Actual till date: | C7: ='Top Sheet'!C28 -> 54088.55 | D7: cum | E7: Month Actual: | F7: ='Top Sheet'!F28 -> 1975 | G7: cum | I7: Achieved: | J7: 69550 | K7: cum
B8: Balance till date: | C8: =C6-C7 -> 15461.45 | D8: cum | E8: Balance FTM: | F8: =F6-F7 -> 2061 | G8: cum | I8: Balance: | J8: =J6-J7 -> 0 | K8: cum
D11: Day Actuals | E11: ='Top Sheet'!D52 -> 190

Sheet Priority
B2: WORK PROGRESS STATUS - ELEVATED TRACK | O2: ='Top Sheet'!D10 -> 45261 | Q2: ='Top Sheet'!H6 -> 45278
B3: BF#5 Route- Part A, B, H, C, I, D | AA3: A | AB3: B | AC3: H | AD3: C | AE3: I | AF3: D
B4: Sr. No. | C4: Particulars | D4: Unit | E4: Start Date | F4: Finish Date | G4: Total Scope | H4: As on date | I4: Balance Qty | J4: Target FTM | K4: Achieved FTM | L4: Manpower | AD4: G | AE4: J | AF4: F | AG4: K
B5: 1 | C5: Foundation | D5: Nos | E5: 45017 | F5: 45097 | G5: 248 | H5: =SUM(Details!J46:J51) -> 243 | I5: =G5-H5 -> 5 | J5: ='Dec-23 Plan'!E5 -> 10 | K5: =SUM(Details!I29:I34) -> 2 | L5: 70 | M5: Manual Entry- Data Not Available | AD5: E
B6: 2 | C6: Pier Cap | D6: Nos | E6: 45017 | F6: 45154 | G6: =SUM(G7:G12) -> 167 | H6: =SUM(H7:H12) -> 161 | I6: =G6-H6 -> 6 | J6: =SUM(J7:J12) -> 7 | K6: =SUM(K7:K12) -> 2 | AA6: Cumulative progress
C7: A | G7: 40 | H7: =IFERROR(SUMIFS(Backup!$G:$G, Backup!$D:$D, $C6, Backup!$B:$B, $AA$3), "-") -> 40 | I7: =G7-H7 -> 0 | J7: ='Dec-23 Plan'!I7 -> 0 | K7: =SUMIFS(Backup!$G:$G, Backup!$O:$O, $O$2, Backup!$D:$D, $C$6,Backup!$B:$B, $AA$3) -> 0 | M7: 6 | N7: =I7-M7 -> -6 | P7: =I6-18 -> -12 | AB7: A | AC7: B | AD7: H | AE7: C | AF7: I | AG7: D | AH7: G | AI7: J | AJ7: F | AK7: K | AL7: E | AM7: Total
C8: B | G8: 17 | H8: =IFERROR(SUMIFS(Backup!$G:$G, Backup!$D:$D, $C6, Backup!$B:$B, $AB3), "-") -> 16 | I8: =G8-H8 -> 1 | J8: ='Dec-23 Plan'!I9 -> 4 | K8: =SUMIFS(Backup!$G:$G, Backup!$O:$O, $O$2, Backup!$D:$D, $C$6,Backup!$B:$B, $AB$3) -> 2 | M8: 7 | N8: =I8-M8 -> -6 | AA8: RCC Foundation | AB8: =SUMIFS(Backup!$P$3:$P$1048576,Backup!$B$3:$B$1048576,Priority!AB$7,Backup!$D$3:$D$1048576,Priority!$AA8) -> 800 | AC8: =SUMIFS(Backup!$P$3:$P$1048576,Backup!$B$3:$B$1048576,Priority!AC$7,Backup!$D$3:$D$1048576,Priority!$AA8) -> 536.75 | AD8: =SUMIFS(Backup!$P$3:$P$1048576,Backup!$B$3:$B$1048576,Priority!AD$7,Backup!$D$3:$D$1048576,Priority!$AA8) -> 980 | AE8: =SUMIFS(Backup!$P$3:$P$1048576,Backup!$B$3:$B$1048576,Priority!AE$7,Backup!$D$3:$D$1048576,Priority!$AA8) -> 770 | AF8: =SUMIFS(Backup!$P$3:$P$1048576,Backup!$B$3:$B$1048576,Priority!AF$7,Backup!$D$3:$D$1048576,Priority!$AA8) -> 1098 | AG8: =SUMIFS(Backup!$P$3:$P$1048576,Backup!$B$3:$B$1048576,Priority!AG$7,Backup!$D$3:$D$1048576,Priority!$AA8) -> 1075 | AH8: =SUMIFS(Backup!$P$3:$P$1048576,Backup!$B$3:$B$1048576,Priority!AH$7,Backup!$D$3:$D$1048576,Priority!$AA8) -> 1750 | AI8: =SUMIFS(Backup!$P$3:$P$1048576,Backup!$B$3:$B$1048576,Priority!AI$7,Backup!$D$3:$D$1048576,Priority!$AA8) -> 810 | ... AL8: =SUMIFS(Backup!$P$3:$P$1048576,Backup!$B$3:$B$1048576,Priority!AL$7,Backup!$D$3:$D$1048576,Priority!$AA8) -> 540 | AM8: =SUM(AB8:AL8) -> 11022.75
C9: H | G9: 20 | H9: =IFERROR(SUMIFS(Backup!$G:$G, Backup!$D:$D, $C6, Backup!$B:$B, $AC$3), "-") -> 18 | I9: =G9-H9 -> 2 | J9: ='Dec-23 Plan'!I11 -> 0 | K9: =SUMIFS(Backup!$G:$G, Backup!$O:$O, $O$2, Backup!$D:$D, $C$6,Backup!$B:$B, $AC$3) -> 0 | M9: 1 | N9: =I9-M9 -> 1 | AA9: Pier 1900 mm | AB9: =SUMIFS(Backup!$P$3:$P$1048576,Backup!$B$3:$B$1048576,Priority!AB$7,Backup!$D$3:$D$1048576,Priority!$AA9) -> 243.7 | AC9: =SUMIFS(Backup!$P$3:$P$1048576,Backup!$B$3:$B$1048576,Priority!AC$7,Backup!$D$3:$D$1048576,Priority!$AA9) -> 155 | AD9: =SUMIFS(Backup!$P$3:$P$1048576,Backup!$B$3:$B$1048576,Priority!AD$7,Backup!$D$3:$D$1048576,Priority!$AA9) -> 340 | AE9: =SUMIFS(Backup!$P$3:$P$1048576,Backup!$B$3:$B$1048576,Priority!AE$7,Backup!$D$3:$D$1048576,Priority!$AA9) -> 202 | AF9: =SUMIFS(Backup!$P$3:$P$1048576,Backup!$B$3:$B$1048576,Priority!AF$7,Backup!$D$3:$D$1048576,Priority!$AA9) -> 312 | AG9: =SUMIFS(Backup!$P$3:$P$1048576,Backup!$B$3:$B$1048576,Priority!AG$7,Backup!$D$3:$D$1048576,Priority!$AA9) -> 320.6 | AH9: =SUMIFS(Backup!$P$3:$P$1048576,Backup!$B$3:$B$1048576,Priority!AH$7,Backup!$D$3:$D$1048576,Priority!$AA9) -> 553 | AI9: =SUMIFS(Backup!$P$3:$P$1048576,Backup!$B$3:$B$1048576,Priority!AI$7,Backup!$D$3:$D$1048576,Priority!$AA9) -> 253 | ... AL9: =SUMIFS(Backup!$P$3:$P$1048576,Backup!$B$3:$B$1048576,Priority!AL$7,Backup!$D$3:$D$1048576,Priority!$AA9) -> 126 | AM9: =SUM(AB9:AL9) -> 3344.3
C10: C | G10: 19 | H10: =IFERROR(SUMIFS(Backup!$G:$G, Backup!$D:$D, $C6, Backup!$B:$B, $AD$3), "-") -> 16 | I10: =G10-H10 -> 3 | J10: ='Dec-23 Plan'!I13 -> 3 | K10: =SUMIFS(Backup!$G:$G, Backup!$O:$O, $O$2, Backup!$D:$D, $C$6,Backup!$B:$B, $AD$3) -> 0 | M10: 3 | N10: =I10-M10 -> 0 | AA10: Pier 1600 mm | AB10: =SUMIFS(Backup!$P$3:$P$1048576,Backup!$B$3:$B$1048576,Priority!AB$7,Backup!$D$3:$D$1048576,Priority!$AA10) -> 194.5 | AC10: =SUMIFS(Backup!$P$3:$P$1048576,Backup!$B$3:$B$1048576,Priority!AC$7,Backup!$D$3:$D$1048576,Priority!$AA10) -> 118.5 | AD10: =SUMIFS(Backup!$P$3:$P$1048576,Backup!$B$3:$B$1048576,Priority!AD$7,Backup!$D$3:$D$1048576,Priority!$AA10) -> 276 | AE10: =SUMIFS(Backup!$P$3:$P$1048576,Backup!$B$3:$B$1048576,Priority!AE$7,Backup!$D$3:$D$1048576,Priority!$AA10) -> 260 | AF10: =SUMIFS(Backup!$P$3:$P$1048576,Backup!$B$3:$B$1048576,Priority!AF$7,Backup!$D$3:$D$1048576,Priority!$AA10) -> 455 | AG10: =SUMIFS(Backup!$P$3:$P$1048576,Backup!$B$3:$B$1048576,Priority!AG$7,Backup!$D$3:$D$1048576,Priority!$AA10) -> 160 | AH10: =SUMIFS(Backup!$P$3:$P$1048576,Backup!$B$3:$B$1048576,Priority!AH$7,Backup!$D$3:$D$1048576,Priority!$AA10) -> 355 | AI10: =SUMIFS(Backup!$P$3:$P$1048576,Backup!$B$3:$B$1048576,Priority!AI$7,Backup!$D$3:$D$1048576,Priority!$AA10) -> 656.5 | ... AL10: =SUMIFS(Backup!$P$3:$P$1048576,Backup!$B$3:$B$1048576,Priority!AL$7,Backup!$D$3:$D$1048576,Priority!$AA10) -> 142 | AM10: =SUM(AB10:AL10) -> 4672
C11: I | G11: 35 | H11: =IFERROR(SUMIFS(Backup!$G:$G, Backup!$D:$D, $C6, Backup!$B:$B, $AE$3), "-") -> 35 | I11: =G11-H11 -> 0 | J11: ='Dec-23 Plan'!I15 -> 0 | K11: =SUMIFS(Backup!$G:$G, Backup!$O:$O, $O$2, Backup!$D:$D, $C$6,Backup!$B:$B, $AE$3) -> 0 | AA11: Pier Cap | AB11: =SUMIFS(Backup!$P$3:$P$1048576,Backup!$B$3:$B$1048576,Priority!AB$7,Backup!$D$3:$D$1048576,Priority!$AA11) -> 531 | AC11: =SUMIFS(Backup!$P$3:$P$1048576,Backup!$B$3:$B$1048576,Priority!AC$7,Backup!$D$3:$D$1048576,Priority!$AA11) -> 451 | AD11: =SUMIFS(Backup!$P$3:$P$1048576,Backup!$B$3:$B$1048576,Priority!AD$7,Backup!$D$3:$D$1048576,Priority!$AA11) -> 670 | AE11: =SUMIFS(Backup!$P$3:$P$1048576,Backup!$B$3:$B$1048576,Priority!AE$7,Backup!$D$3:$D$1048576,Priority!$AA11) -> 479 | AF11: =SUMIFS(Backup!$P$3:$P$1048576,Backup!$B$3:$B$1048576,Priority!AF$7,Backup!$D$3:$D$1048576,Priority!$AA11) -> 855 | AG11: =SUMIFS(Backup!$P$3:$P$1048576,Backup!$B$3:$B$1048576,Priority!AG$7,Backup!$D$3:$D$1048576,Priority!$AA11) -> 784 | AH11: =SUMIFS(Backup!$P$3:$P$1048576,Backup!$B$3:$B$1048576,Priority!AH$7,Backup!$D$3:$D$1048576,Priority!$AA11) -> 352 | AI11: =SUMIFS(Backup!$P$3:$P$1048576,Backup!$B$3:$B$1048576,Priority!AI$7,Backup!$D$3:$D$1048576,Priority!$AA11) -> 519 | ... AL11: =SUMIFS(Backup!$P$3:$P$1048576,Backup!$B$3:$B$1048576,Priority!AL$7,Backup!$D$3:$D$1048576,Priority!$AA11) -> 137 | AM11: =SUM(AB11:AL11) -> 5660
C12: D | G12: 36 | H12: =IFERROR(SUMIFS(Backup!$G:$G, Backup!$D:$D, $C6, Backup!$B:$B, $AF$3), "-") -> 36 | I12: =G12-H12 -> 0 | J12: ='Dec-23 Plan'!I17 -> 0 | K12: =SUMIFS(Backup!$G:$G, Backup!$O:$O, $O$2, Backup!$D:$D, $C$6,Backup!$B:$B, $AF$3) -> 0 | AA12: Step Footing | AB12: =SUMIFS(Backup!$P$3:$P$1048576,Backup!$B$3:$B$1048576,Priority!AB$7,Backup!$D$3:$D$1048576,Priority!$AA12) -> 190 | AC12: =SUMIFS(Backup!$P$3:$P$1048576,Backup!$B$3:$B$1048576,Priority!AC$7,Backup!$D$3:$D$1048576,Priority!$AA12) -> 139 | AD12: =SUMIFS(Backup!$P$3:$P$1048576,Backup!$B$3:$B$1048576,Priority!AD$7,Backup!$D$3:$D$1048576,Priority!$AA12) -> 265 | AE12: =SUMIFS(Backup!$P$3:$P$1048576,Backup!$B$3:$B$1048576,Priority!AE$7,Backup!$D$3:$D$1048576,Priority!$AA12) -> 161 | AF12: =SUMIFS(Backup!$P$3:$P$1048576,Backup!$B$3:$B$1048576,Priority!AF$7,Backup!$D$3:$D$1048576,Priority!$AA12) -> 286 | AG12: =SUMIFS(Backup!$P$3:$P$1048576,Backup!$B$3:$B$1048576,Priority!AG$7,Backup!$D$3:$D$1048576,Priority!$AA12) -> 274 | AH12: =SUMIFS(Backup!$P$3:$P$1048576,Backup!$B$3:$B$1048576,Priority!AH$7,Backup!$D$3:$D$1048576,Priority!$AA12) -> 288 | AI12: =SUMIFS(Backup!$P$3:$P$1048576,Backup!$B$3:$B$1048576,Priority!AI$7,Backup!$D$3:$D$1048576,Priority!$AA12) -> 206 | ... AL12: =SUMIFS(Backup!$P$3:$P$1048576,Backup!$B$3:$B$1048576,Priority!AL$7,Backup!$D$3:$D$1048576,Priority!$AA12) -> 135 | AM12: =SUM(AB12:AL12) -> 2606
B13: 3 | C13: Total Erection | D13: Nos | E13: 45017 | F13: 45199 | G13: =SUM(G14:G19) -> 1553 | H13: =SUM(H14:H19) -> 1177 | I13: =SUM(I14:I19) -> 376 | J13: =SUM(J14:J19) -> 208 | K13: =SUM(K14:K19) -> 55 | AA13: Track Beam with Nose | AB13: =SUMIFS(Backup!$P$3:$P$1048576,Backup!$B$3:$B$1048576,Priority!AB$7,Backup!$D$3:$D$1048576,Priority!$AA13) -> 911 | AC13: =SUMIFS(Backup!$P$3:$P$1048576,Backup!$B$3:$B$1048576,Priority!AC$7,Backup!$D$3:$D$1048576,Priority!$AA13) -> 541 | AD13: =SUMIFS(Backup!$P$3:$P$1048576,Backup!$B$3:$B$1048576,Priority!AD$7,Backup!$D$3:$D$1048576,Priority!$AA13) -> 552 | AE13: =SUMIFS(Backup!$P$3:$P$1048576,Backup!$B$3:$B$1048576,Priority!AE$7,Backup!$D$3:$D$1048576,Priority!$AA13) -> 756 | AF13: =SUMIFS(Backup!$P$3:$P$1048576,Backup!$B$3:$B$1048576,Priority!AF$7,Backup!$D$3:$D$1048576,Priority!$AA13) -> 996 | AG13: =SUMIFS(Backup!$P$3:$P$1048576,Backup!$B$3:$B$1048576,Priority!AG$7,Backup!$D$3:$D$1048576,Priority!$AA13) -> 1008 | AH13: =SUMIFS(Backup!$P$3:$P$1048576,Backup!$B$3:$B$1048576,Priority!AH$7,Backup!$D$3:$D$1048576,Priority!$AA13) -> 418 | AI13: =SUMIFS(Backup!$P$3:$P$1048576,Backup!$B$3:$B$1048576,Priority!AI$7,Backup!$D$3:$D$1048576,Priority!$AA13) -> 516 | ... AL13: =SUMIFS(Backup!$P$3:$P$1048576,Backup!$B$3:$B$1048576,Priority!AL$7,Backup!$D$3:$D$1048576,Priority!$AA13) -> 202 | AM13: =SUM(AB13:AL13) -> 7728
C14: A | G14: 266 | H14: =IFERROR(SUMIFS(Backup!$H:$H, Backup!$B:$B,$AB$3), "-") -> 62 | I14: =G14-H14 -> 204 | J14: ='Dec-23 Plan'!H60 -> 42 | K14: =SUMIFS(Backup!$H:$H, Backup!$O:$O, $O$2, Backup!$B:$B, $AA$3) -> 0 | AA14: Track Beam without Nose | AB14: =SUMIFS(Backup!$P$3:$P$1048576,Backup!$B$3:$B$1048576,Priority!AB$7,Backup!$D$3:$D$1048576,Priority!$AA14) -> 0 | AC14: =SUMIFS(Backup!$P$3:$P$1048576,Backup!$B$3:$B$1048576,Priority!AC$7,Backup!$D$3:$D$1048576,Priority!$AA14) -> 552 | AD14: =SUMIFS(Backup!$P$3:$P$1048576,Backup!$B$3:$B$1048576,Priority!AD$7,Backup!$D$3:$D$1048576,Priority!$AA14) -> 1258 | AE14: =SUMIFS(Backup!$P$3:$P$1048576,Backup!$B$3:$B$1048576,Priority!AE$7,Backup!$D$3:$D$1048576,Priority!$AA14) -> 360 | AF14: =SUMIFS(Backup!$P$3:$P$1048576,Backup!$B$3:$B$1048576,Priority!AF$7,Backup!$D$3:$D$1048576,Priority!$AA14) -> 1407 | AG14: =SUMIFS(Backup!$P$3:$P$1048576,Backup!$B$3:$B$1048576,Priority!AG$7,Backup!$D$3:$D$1048576,Priority!$AA14) -> 1008 | AH14: =SUMIFS(Backup!$P$3:$P$1048576,Backup!$B$3:$B$1048576,Priority!AH$7,Backup!$D$3:$D$1048576,Priority!$AA14) -> 623 | AI14: =SUMIFS(Backup!$P$3:$P$1048576,Backup!$B$3:$B$1048576,Priority!AI$7,Backup!$D$3:$D$1048576,Priority!$AA14) -> 660 | ... AL14: =SUMIFS(Backup!$P$3:$P$1048576,Backup!$B$3:$B$1048576,Priority!AL$7,Backup!$D$3:$D$1048576,Priority!$AA14) -> 432 | AM14: =SUM(AB14:AL14) -> 9105
C15: B | G15: 190 | H15: =IFERROR(SUMIFS(Backup!$H:$H, Backup!$B:$B,$AA$3), "-") -> 188 | I15: =G15-H15 -> 2 | J15: ='Dec-23 Plan'!H62 -> 40 | K15: =SUMIFS(Backup!$H:$H, Backup!$O:$O, $O$2, Backup!$B:$B, $AB3) -> 0 | AA15: h - Section Beam | AB15: =SUMIFS(Backup!$P$3:$P$1048576,Backup!$B$3:$B$1048576,Priority!AB$7,Backup!$D$3:$D$1048576,Priority!$AA15) -> 478 | AC15: =SUMIFS(Backup!$P$3:$P$1048576,Backup!$B$3:$B$1048576,Priority!AC$7,Backup!$D$3:$D$1048576,Priority!$AA15) -> 342 | AD15: =SUMIFS(Backup!$P$3:$P$1048576,Backup!$B$3:$B$1048576,Priority!AD$7,Backup!$D$3:$D$1048576,Priority!$AA15) -> 336 | AE15: =SUMIFS(Backup!$P$3:$P$1048576,Backup!$B$3:$B$1048576,Priority!AE$7,Backup!$D$3:$D$1048576,Priority!$AA15) -> 372 | AF15: =SUMIFS(Backup!$P$3:$P$1048576,Backup!$B$3:$B$1048576,Priority!AF$7,Backup!$D$3:$D$1048576,Priority!$AA15) -> 447.5 | AG15: =SUMIFS(Backup!$P$3:$P$1048576,Backup!$B$3:$B$1048576,Priority!AG$7,Backup!$D$3:$D$1048576,Priority!$AA15) -> 408 | AH15: =SUMIFS(Backup!$P$3:$P$1048576,Backup!$B$3:$B$1048576,Priority!AH$7,Backup!$D$3:$D$1048576,Priority!$AA15) -> 144 | AI15: =SUMIFS(Backup!$P$3:$P$1048576,Backup!$B$3:$B$1048576,Priority!AI$7,Backup!$D$3:$D$1048576,Priority!$AA15) -> 60 | ... AL15: =SUMIFS(Backup!$P$3:$P$1048576,Backup!$B$3:$B$1048576,Priority!AL$7,Backup!$D$3:$D$1048576,Priority!$AA15) -> 48 | AM15: =SUM(AB15:AL15) -> 2887.5
C16: H | G16: 252 | H16: =IFERROR(SUMIFS(Backup!$H:$H, Backup!$B:$B,$AC$3), "-") -> 207 | I16: =G16-H16 -> 45 | J16: ='Dec-23 Plan'!H64 -> 6 | K16: =SUMIFS(Backup!$H:$H, Backup!$O:$O, $O$2, Backup!$B:$B, $AC$3) -> 0 | AA16: U - Section Beam | AB16: =SUMIFS(Backup!$P$3:$P$1048576,Backup!$B$3:$B$1048576,Priority!AB$7,Backup!$D$3:$D$1048576,Priority!$AA16) -> 455 | AC16: =SUMIFS(Backup!$P$3:$P$1048576,Backup!$B$3:$B$1048576,Priority!AC$7,Backup!$D$3:$D$1048576,Priority!$AA16) -> 168 | AD16: =SUMIFS(Backup!$P$3:$P$1048576,Backup!$B$3:$B$1048576,Priority!AD$7,Backup!$D$3:$D$1048576,Priority!$AA16) -> 228 | AE16: =SUMIFS(Backup!$P$3:$P$1048576,Backup!$B$3:$B$1048576,Priority!AE$7,Backup!$D$3:$D$1048576,Priority!$AA16) -> 384 | AF16: =SUMIFS(Backup!$P$3:$P$1048576,Backup!$B$3:$B$1048576,Priority!AF$7,Backup!$D$3:$D$1048576,Priority!$AA16) -> 461.5 | AG16: =SUMIFS(Backup!$P$3:$P$1048576,Backup!$B$3:$B$1048576,Priority!AG$7,Backup!$D$3:$D$1048576,Priority!$AA16) -> 540 | AH16: =SUMIFS(Backup!$P$3:$P$1048576,Backup!$B$3:$B$1048576,Priority!AH$7,Backup!$D$3:$D$1048576,Priority!$AA16) -> 144 | AI16: =SUMIFS(Backup!$P$3:$P$1048576,Backup!$B$3:$B$1048576,Priority!AI$7,Backup!$D$3:$D$1048576,Priority!$AA16) -> 144 | ... AL16: =SUMIFS(Backup!$P$3:$P$1048576,Backup!$B$3:$B$1048576,Priority!AL$7,Backup!$D$3:$D$1048576,Priority!$AA16) -> 12 | AM16: =SUM(AB16:AL16) -> 2896.5
C17: C | G17: 184 | H17: =IFERROR(SUMIFS(Backup!$H:$H, Backup!$B:$B,$AD$3), "-") -> 65 | I17: =G17-H17 -> 119 | J17: ='Dec-23 Plan'!H66 -> 80 | K17: =SUMIFS(Backup!$H:$H, Backup!$O:$O, $O$2, Backup!$B:$B, $AD$3) -> 5 | AA17: Pre-cast Slab | AB17: =SUMIFS(Backup!$P$3:$P$1048576,Backup!$B$3:$B$1048576,Priority!AB$7,Backup!$D$3:$D$1048576,Priority!$AA17) -> 52 | AC17: =SUMIFS(Backup!$P$3:$P$1048576,Backup!$B$3:$B$1048576,Priority!AC$7,Backup!$D$3:$D$1048576,Priority!$AA17) -> 18.5 | AD17: =SUMIFS(Backup!$P$3:$P$1048576,Backup!$B$3:$B$1048576,Priority!AD$7,Backup!$D$3:$D$1048576,Priority!$AA17) -> 11.5 | AE17: =SUMIFS(Backup!$P$3:$P$1048576,Backup!$B$3:$B$1048576,Priority!AE$7,Backup!$D$3:$D$1048576,Priority!$AA17) -> 12 | AF17: =SUMIFS(Backup!$P$3:$P$1048576,Backup!$B$3:$B$1048576,Priority!AF$7,Backup!$D$3:$D$1048576,Priority!$AA17) -> 14 | AG17: =SUMIFS(Backup!$P$3:$P$1048576,Backup!$B$3:$B$1048576,Priority!AG$7,Backup!$D$3:$D$1048576,Priority!$AA17) -> 50 | AH17: =SUMIFS(Backup!$P$3:$P$1048576,Backup!$B$3:$B$1048576,Priority!AH$7,Backup!$D$3:$D$1048576,Priority!$AA17) -> 7 | AI17: =SUMIFS(Backup!$P$3:$P$1048576,Backup!$B$3:$B$1048576,Priority!AI$7,Backup!$D$3:$D$1048576,Priority!$AA17) -> 0 | ... AL17: =SUMIFS(Backup!$P$3:$P$1048576,Backup!$B$3:$B$1048576,Priority!AL$7,Backup!$D$3:$D$1048576,Priority!$AA17) -> 0 | AM17: =SUM(AB17:AL17) -> 196.5
C18: I | G18: 319 | H18: =IFERROR(SUMIFS(Backup!$H:$H, Backup!$B:$B,$AE$3), "-") -> 301 | I18: =G18-H18 -> 18 | J18: ='Dec-23 Plan'!H68 -> 40 | K18: =SUMIFS(Backup!$H:$H, Backup!$O:$O, $O$2, Backup!$B:$B, $AE$3) -> 50 | AA18: PCC | AB18: =SUMIFS(Backup!$P$3:$P$1048576,Backup!$B$3:$B$1048576,Priority!AB$7,Backup!$D$3:$D$1048576,Priority!$AA18) -> 129 | AC18: =SUMIFS(Backup!$P$3:$P$1048576,Backup!$B$3:$B$1048576,Priority!AC$7,Backup!$D$3:$D$1048576,Priority!$AA18) -> 100 | AD18: =SUMIFS(Backup!$P$3:$P$1048576,Backup!$B$3:$B$1048576,Priority!AD$7,Backup!$D$3:$D$1048576,Priority!$AA18) -> 182 | AE18: =SUMIFS(Backup!$P$3:$P$1048576,Backup!$B$3:$B$1048576,Priority!AE$7,Backup!$D$3:$D$1048576,Priority!$AA18) -> 125 | AF18: =SUMIFS(Backup!$P$3:$P$1048576,Backup!$B$3:$B$1048576,Priority!AF$7,Backup!$D$3:$D$1048576,Priority!$AA18) -> 177 | AG18: =SUMIFS(Backup!$P$3:$P$1048576,Backup!$B$3:$B$1048576,Priority!AG$7,Backup!$D$3:$D$1048576,Priority!$AA18) -> 199 | AH18: =SUMIFS(Backup!$P$3:$P$1048576,Backup!$B$3:$B$1048576,Priority!AH$7,Backup!$D$3:$D$1048576,Priority!$AA18) -> 295 | AI18: =SUMIFS(Backup!$P$3:$P$1048576,Backup!$B$3:$B$1048576,Priority!AI$7,Backup!$D$3:$D$1048576,Priority!$AA18) -> 126 | ... AL18: =SUMIFS(Backup!$P$3:$P$1048576,Backup!$B$3:$B$1048576,Priority!AL$7,Backup!$D$3:$D$1048576,Priority!$AA18) -> 91 | AM18: =SUM(AB18:AL18) -> 1840
C19: D | G19: 342 | H19: =IFERROR(SUMIFS(Backup!$H:$H, Backup!$B:$B,$AF$3), "-") -> 354 | I19: =G19-H19 -> -12 | J19: ='Dec-23 Plan'!H70 -> 0 | K19: =SUMIFS(Backup!$H:$H, Backup!$O:$O, $O$2, Backup!$B:$B, $AF$3) -> 0 | AA19: Total | AB19: =SUM(AB8:AB18) -> 3984.2 | AC19: =SUM(AC8:AC18) -> 3121.75 | AD19: =SUM(AD8:AD18) -> 5098.5 | AE19: =SUM(AE8:AE18) -> 3881 | AF19: =SUM(AF8:AF18) -> 6509 | AG19: =SUM(AG8:AG18) -> 5826.6 | AH19: =SUM(AH8:AH18) -> 4929 | AI19: =SUM(AI8:AI18) -> 3950.5 | ... AM19: =SUM(AM8:AM18) -> 51958.55
B20: 4 | C20: RCC Qty ( Cast In-situ) | D20: Cum | E20: 45017 | F20: 45199 | G20: =SUM(G21:G26) -> 13925 | H20: =SUM(H21:H26) -> 13382.05 | I20: =G20-H20 -> 542.95 | J20: =SUM(J21:J26) -> 558 | K20: =SUM(K21:K26) -> 138 | AA20: Track Laying | AB20: =SUMIFS(Backup!$I$3:$I$1048576,Backup!$B$3:$B$1048576,Priority!AB$7,Backup!$D$3:$D$1048576,Priority!$AA$20) -> 288 | AC20: =SUMIFS(Backup!$I$3:$I$1048576,Backup!$B$3:$B$1048576,Priority!AC$7,Backup!$D$3:$D$1048576,Priority!$AA$20) -> 0 | AD20: =SUMIFS(Backup!$I$3:$I$1048576,Backup!$B$3:$B$1048576,Priority!AD$7,Backup!$D$3:$D$1048576,Priority!$AA$20) -> 0 | AE20: =SUMIFS(Backup!$I$3:$I$1048576,Backup!$B$3:$B$1048576,Priority!AE$7,Backup!$D$3:$D$1048576,Priority!$AA$20) -> 0 | AF20: =SUMIFS(Backup!$I$3:$I$1048576,Backup!$B$3:$B$1048576,Priority!AF$7,Backup!$D$3:$D$1048576,Priority!$AA$20) -> 470 | AG20: =SUMIFS(Backup!$I$3:$I$1048576,Backup!$B$3:$B$1048576,Priority!AG$7,Backup!$D$3:$D$1048576,Priority!$AA$20) -> 620 | AH20: =SUMIFS(Backup!$I$3:$I$1048576,Backup!$B$3:$B$1048576,Priority!AH$7,Backup!$D$3:$D$1048576,Priority!$AA$20) -> 0 | AI20: =SUMIFS(Backup!$I$3:$I$1048576,Backup!$B$3:$B$1048576,Priority!AI$7,Backup!$D$3:$D$1048576,Priority!$AA$20) -> 0 | ... AL20: =SUMIFS(Backup!$I$3:$I$1048576,Backup!$B$3:$B$1048576,Priority!AL$7,Backup!$D$3:$D$1048576,Priority!$AA$20) -> 0 | AM20: =SUM(AB20:AL20) -> 1378
C21: A | G21: 2072 | H21: =SUM(AB8:AB12) -> 1959.2 | I21: =G21-H21 -> 112.8 | J21: ='Dec-23 Plan'!J8 -> 0 | K21: =SUM(AB26:AB30) -> 0
C22: B | G22: 1492 | H22: =SUM(AC8:AC12) -> 1400.25 | I22: =G22-H22 -> 91.75 | J22: ='Dec-23 Plan'!J10 -> 158 | K22: =SUM(AC26:AC30) -> 64
C23: H | G23: 2509 | H23: =SUM(AD8:AD12) -> 2531 | I23: =G23-H23 -> -22 | J23: ='Dec-23 Plan'!J12 -> 88 | K23: =SUM(AD26:AD30) -> 74
C24: C | G24: 2286 | H24: =SUM(AE8:AE12) -> 1872 | I24: =G24-H24 -> 414 | J24: ='Dec-23 Plan'!J14 -> 312 | K24: =SUM(AE26:AE30) -> 0 | AA24: Monthly progress
C25: I | G25: 2805 | H25: =SUM(AF8:AF12) -> 3006 | I25: =G25-H25 -> -201 | J25: ='Dec-23 Plan'!J16 -> 0 | K25: =SUM(AF26:AF30) -> 0 | AB25: A | AC25: B | AD25: H | AE25: C | AF25: I | AG25: D | AH25: G | AI25: J | AJ25: F | AK25: K | AL25: E | AM25: Total
C26: D | G26: 2761 | H26: =SUM(AG8:AG12) -> 2613.6 | I26: =G26-H26 -> 147.4 | J26: ='Dec-23 Plan'!J18 -> 0 | K26: =SUM(AG26:AG30) -> 0 | AA26: RCC Foundation | AB26: =SUMIFS(Backup!$P$3:$P$1048576,Backup!$B$3:$B$1048576,Priority!AB$25,Backup!$D$3:$D$1048576,Priority!$AA26, Backup!$O$3:$O$1048576,$O$2) -> 0 | AC26: =SUMIFS(Backup!$P$3:$P$1048576,Backup!$B$3:$B$1048576,Priority!AC$25,Backup!$D$3:$D$1048576,Priority!$AA26, Backup!$O$3:$O$1048576,$O$2) -> 0 | AD26: =SUMIFS(Backup!$P$3:$P$1048576,Backup!$B$3:$B$1048576,Priority!AD$25,Backup!$D$3:$D$1048576,Priority!$AA26, Backup!$O$3:$O$1048576,$O$2) -> 50 | AE26: =SUMIFS(Backup!$P$3:$P$1048576,Backup!$B$3:$B$1048576,Priority!AE$25,Backup!$D$3:$D$1048576,Priority!$AA26, Backup!$O$3:$O$1048576,$O$2) -> 0 | AF26: =SUMIFS(Backup!$P$3:$P$1048576,Backup!$B$3:$B$1048576,Priority!AF$25,Backup!$D$3:$D$1048576,Priority!$AA26, Backup!$O$3:$O$1048576,$O$2) -> 0 | AG26: =SUMIFS(Backup!$P$3:$P$1048576,Backup!$B$3:$B$1048576,Priority!AG$25,Backup!$D$3:$D$1048576,Priority!$AA26, Backup!$O$3:$O$1048576,$O$2) -> 0 | AH26: =SUMIFS(Backup!$P$3:$P$1048576,Backup!$B$3:$B$1048576,Priority!AH$25,Backup!$D$3:$D$1048576,Priority!$AA26, Backup!$O$3:$O$1048576,$O$2) -> 266 | AI26: =SUMIFS(Backup!$P$3:$P$1048576,Backup!$B$3:$B$1048576,Priority!AI$25,Backup!$D$3:$D$1048576,Priority!$AA26, Backup!$O$3:$O$1048576,$O$2) -> 0 | ... AL26: =SUMIFS(Backup!$P$3:$P$1048576,Backup!$B$3:$B$1048576,Priority!AL$25,Backup!$D$3:$D$1048576,Priority!$AA26, Backup!$O$3:$O$1048576,$O$2) -> 160 | AM26: =SUM(AB26:AL26) -> 476
B27: 5 | C27: RCC Qty ( Precast) | D27: Cum | E27: 45017 | F27: 45199 | G27: =SUM(G28:G33) -> 13903 | H27: =SUM(H28:H33) -> 14127 | I27: =G27-H27 -> -224 | J27: =SUM(J28:J33) -> 156 | K27: =SUM(K28:K33) -> 194.5 | AA27: Pier 1900 mm | AB27: =SUMIFS(Backup!$P$3:$P$1048576,Backup!$B$3:$B$1048576,Priority!AB$25,Backup!$D$3:$D$1048576,Priority!$AA27, Backup!$O$3:$O$1048576,$O$2) -> 0 | AC27: =SUMIFS(Backup!$P$3:$P$1048576,Backup!$B$3:$B$1048576,Priority!AC$25,Backup!$D$3:$D$1048576,Priority!$AA27, Backup!$O$3:$O$1048576,$O$2) -> 0 | AD27: =SUMIFS(Backup!$P$3:$P$1048576,Backup!$B$3:$B$1048576,Priority!AD$25,Backup!$D$3:$D$1048576,Priority!$AA27, Backup!$O$3:$O$1048576,$O$2) -> 12 | AE27: =SUMIFS(Backup!$P$3:$P$1048576,Backup!$B$3:$B$1048576,Priority!AE$25,Backup!$D$3:$D$1048576,Priority!$AA27, Backup!$O$3:$O$1048576,$O$2) -> 0 | AF27: =SUMIFS(Backup!$P$3:$P$1048576,Backup!$B$3:$B$1048576,Priority!AF$25,Backup!$D$3:$D$1048576,Priority!$AA27, Backup!$O$3:$O$1048576,$O$2) -> 0 | AG27: =SUMIFS(Backup!$P$3:$P$1048576,Backup!$B$3:$B$1048576,Priority!AG$25,Backup!$D$3:$D$1048576,Priority!$AA27, Backup!$O$3:$O$1048576,$O$2) -> 0 | AH27: =SUMIFS(Backup!$P$3:$P$1048576,Backup!$B$3:$B$1048576,Priority!AH$25,Backup!$D$3:$D$1048576,Priority!$AA27, Backup!$O$3:$O$1048576,$O$2) -> 44 | AI27: =SUMIFS(Backup!$P$3:$P$1048576,Backup!$B$3:$B$1048576,Priority!AI$25,Backup!$D$3:$D$1048576,Priority!$AA27, Backup!$O$3:$O$1048576,$O$2) -> 0 | ... AL27: =SUMIFS(Backup!$P$3:$P$1048576,Backup!$B$3:$B$1048576,Priority!AL$25,Backup!$D$3:$D$1048576,Priority!$AA27, Backup!$O$3:$O$1048576,$O$2) -> 12 | AM27: =SUM(AB27:AL27) -> 68
C28: A | G28: 1831 | H28: =SUM(AB13:AB17) -> 1896 | I28: =G28-H28 -> -65 | J28: ='Dec-23 Plan'!Q13 -> 0 | K28: =SUM(AB31:AB41) -> 2.5 | AA28: Pier 1600 mm | AB28: =SUMIFS(Backup!$P$3:$P$1048576,Backup!$B$3:$B$1048576,Priority!AB$25,Backup!$D$3:$D$1048576,Priority!$AA28, Backup!$O$3:$O$1048576,$O$2) -> 0 | AC28: =SUMIFS(Backup!$P$3:$P$1048576,Backup!$B$3:$B$1048576,Priority!AC$25,Backup!$D$3:$D$1048576,Priority!$AA28, Backup!$O$3:$O$1048576,$O$2) -> 0 | AD28: =SUMIFS(Backup!$P$3:$P$1048576,Backup!$B$3:$B$1048576,Priority!AD$25,Backup!$D$3:$D$1048576,Priority!$AA28, Backup!$O$3:$O$1048576,$O$2) -> 0 | AE28: =SUMIFS(Backup!$P$3:$P$1048576,Backup!$B$3:$B$1048576,Priority!AE$25,Backup!$D$3:$D$1048576,Priority!$AA28, Backup!$O$3:$O$1048576,$O$2) -> 0 | AF28: =SUMIFS(Backup!$P$3:$P$1048576,Backup!$B$3:$B$1048576,Priority!AF$25,Backup!$D$3:$D$1048576,Priority!$AA28, Backup!$O$3:$O$1048576,$O$2) -> 0 | AG28: =SUMIFS(Backup!$P$3:$P$1048576,Backup!$B$3:$B$1048576,Priority!AG$25,Backup!$D$3:$D$1048576,Priority!$AA28, Backup!$O$3:$O$1048576,$O$2) -> 0 | AH28: =SUMIFS(Backup!$P$3:$P$1048576,Backup!$B$3:$B$1048576,Priority!AH$25,Backup!$D$3:$D$1048576,Priority!$AA28, Backup!$O$3:$O$1048576,$O$2) -> 5 | AI28: =SUMIFS(Backup!$P$3:$P$1048576,Backup!$B$3:$B$1048576,Priority!AI$25,Backup!$D$3:$D$1048576,Priority!$AA28, Backup!$O$3:$O$1048576,$O$2) -> 0 | ... AL28: =SUMIFS(Backup!$P$3:$P$1048576,Backup!$B$3:$B$1048576,Priority!AL$25,Backup!$D$3:$D$1048576,Priority!$AA28, Backup!$O$3:$O$1048576,$O$2) -> 0 | AM28: =SUM(AB28:AL28) -> 172
C29: B | G29: 1633 | H29: =SUM(AC13:AC17) -> 1621.5 | I29: =G29-H29 -> 11.5 | J29: ='Dec-23 Plan'!Q14 -> 12 | K29: =SUM(AC31:AC41) -> 36 | AA29: Pier Cap | AB29: =SUMIFS(Backup!$P$3:$P$1048576,Backup!$B$3:$B$1048576,Priority!AB$25,Backup!$D$3:$D$1048576,Priority!$AA29, Backup!$O$3:$O$1048576,$O$2) -> 0 | AC29: =SUMIFS(Backup!$P$3:$P$1048576,Backup!$B$3:$B$1048576,Priority!AC$25,Backup!$D$3:$D$1048576,Priority!$AA29, Backup!$O$3:$O$1048576,$O$2) -> 64 | AD29: =SUMIFS(Backup!$P$3:$P$1048576,Backup!$B$3:$B$1048576,Priority!AD$25,Backup!$D$3:$D$1048576,Priority!$AA29, Backup!$O$3:$O$1048576,$O$2) -> 0 | AE29: =SUMIFS(Backup!$P$3:$P$1048576,Backup!$B$3:$B$1048576,Priority!AE$25,Backup!$D$3:$D$1048576,Priority!$AA29, Backup!$O$3:$O$1048576,$O$2) -> 0 | AF29: =SUMIFS(Backup!$P$3:$P$1048576,Backup!$B$3:$B$1048576,Priority!AF$25,Backup!$D$3:$D$1048576,Priority!$AA29, Backup!$O$3:$O$1048576,$O$2) -> 0 | AG29: =SUMIFS(Backup!$P$3:$P$1048576,Backup!$B$3:$B$1048576,Priority!AG$25,Backup!$D$3:$D$1048576,Priority!$AA29, Backup!$O$3:$O$1048576,$O$2) -> 0 | AH29: =SUMIFS(Backup!$P$3:$P$1048576,Backup!$B$3:$B$1048576,Priority!AH$25,Backup!$D$3:$D$1048576,Priority!$AA29, Backup!$O$3:$O$1048576,$O$2) -> 0 | AI29: =SUMIFS(Backup!$P$3:$P$1048576,Backup!$B$3:$B$1048576,Priority!AI$25,Backup!$D$3:$D$1048576,Priority!$AA29, Backup!$O$3:$O$1048576,$O$2) -> 65 | ... AL29: =SUMIFS(Backup!$P$3:$P$1048576,Backup!$B$3:$B$1048576,Priority!AL$25,Backup!$D$3:$D$1048576,Priority!$AA29, Backup!$O$3:$O$1048576,$O$2) -> 67 | AM29: =SUM(AB29:AL29) -> 196
C30: H | G30: 2639 | H30: =SUM(AD13:AD17) -> 2385.5 | I30: =G30-H30 -> 253.5 | J30: ='Dec-23 Plan'!Q15 -> 96 | K30: =SUM(AD31:AD41) -> 72 | AA30: Step Footing | AB30: =SUMIFS(Backup!$P$3:$P$1048576,Backup!$B$3:$B$1048576,Priority!AB$25,Backup!$D$3:$D$1048576,Priority!$AA30, Backup!$O$3:$O$1048576,$O$2) -> 0 | AC30: =SUMIFS(Backup!$P$3:$P$1048576,Backup!$B$3:$B$1048576,Priority!AC$25,Backup!$D$3:$D$1048576,Priority!$AA30, Backup!$O$3:$O$1048576,$O$2) -> 0 | AD30: =SUMIFS(Backup!$P$3:$P$1048576,Backup!$B$3:$B$1048576,Priority!AD$25,Backup!$D$3:$D$1048576,Priority!$AA30, Backup!$O$3:$O$1048576,$O$2) -> 12 | AE30: =SUMIFS(Backup!$P$3:$P$1048576,Backup!$B$3:$B$1048576,Priority!AE$25,Backup!$D$3:$D$1048576,Priority!$AA30, Backup!$O$3:$O$1048576,$O$2) -> 0 | AF30: =SUMIFS(Backup!$P$3:$P$1048576,Backup!$B$3:$B$1048576,Priority!AF$25,Backup!$D$3:$D$1048576,Priority!$AA30, Backup!$O$3:$O$1048576,$O$2) -> 0 | AG30: =SUMIFS(Backup!$P$3:$P$1048576,Backup!$B$3:$B$1048576,Priority!AG$25,Backup!$D$3:$D$1048576,Priority!$AA30, Backup!$O$3:$O$1048576,$O$2) -> 0 | AH30: =SUMIFS(Backup!$P$3:$P$1048576,Backup!$B$3:$B$1048576,Priority!AH$25,Backup!$D$3:$D$1048576,Priority!$AA30, Backup!$O$3:$O$1048576,$O$2) -> 33 | AI30: =SUMIFS(Backup!$P$3:$P$1048576,Backup!$B$3:$B$1048576,Priority!AI$25,Backup!$D$3:$D$1048576,Priority!$AA30, Backup!$O$3:$O$1048576,$O$2) -> 0 | ... AL30: =SUMIFS(Backup!$P$3:$P$1048576,Backup!$B$3:$B$1048576,Priority!AL$25,Backup!$D$3:$D$1048576,Priority!$AA30, Backup!$O$3:$O$1048576,$O$2) -> 35 | AM30: =SUM(AB30:AL30) -> 80
C31: C | G31: 1771 | H31: =SUM(AE13:AE17) -> 1884 | I31: =G31-H31 -> -113 | J31: ='Dec-23 Plan'!Q16 -> 0 | K31: =SUM(AE31:AE41) -> 72 | AA31: Track Beam with Nose | AB31: =SUMIFS(Backup!$P$3:$P$1048576,Backup!$B$3:$B$1048576,Priority!AB$25,Backup!$D$3:$D$1048576,Priority!$AA31, Backup!$O$3:$O$1048576,$O$2) -> 0 | AC31: =SUMIFS(Backup!$P$3:$P$1048576,Backup!$B$3:$B$1048576,Priority!AC$25,Backup!$D$3:$D$1048576,Priority!$AA31, Backup!$O$3:$O$1048576,$O$2) -> 0 | AD31: =SUMIFS(Backup!$P$3:$P$1048576,Backup!$B$3:$B$1048576,Priority!AD$25,Backup!$D$3:$D$1048576,Priority!$AA31, Backup!$O$3:$O$1048576,$O$2) -> 0 | AE31: =SUMIFS(Backup!$P$3:$P$1048576,Backup!$B$3:$B$1048576,Priority!AE$25,Backup!$D$3:$D$1048576,Priority!$AA31, Backup!$O$3:$O$1048576,$O$2) -> 0 | AF31: =SUMIFS(Backup!$P$3:$P$1048576,Backup!$B$3:$B$1048576,Priority!AF$25,Backup!$D$3:$D$1048576,Priority!$AA31, Backup!$O$3:$O$1048576,$O$2) -> 0 | AG31: =SUMIFS(Backup!$P$3:$P$1048576,Backup!$B$3:$B$1048576,Priority!AG$25,Backup!$D$3:$D$1048576,Priority!$AA31, Backup!$O$3:$O$1048576,$O$2) -> 0 | AH31: =SUMIFS(Backup!$P$3:$P$1048576,Backup!$B$3:$B$1048576,Priority!AH$25,Backup!$D$3:$D$1048576,Priority!$AA31, Backup!$O$3:$O$1048576,$O$2) -> 0 | AI31: =SUMIFS(Backup!$P$3:$P$1048576,Backup!$B$3:$B$1048576,Priority!AI$25,Backup!$D$3:$D$1048576,Priority!$AA31, Backup!$O$3:$O$1048576,$O$2) -> 24 | ... AL31: =SUMIFS(Backup!$P$3:$P$1048576,Backup!$B$3:$B$1048576,Priority!AL$25,Backup!$D$3:$D$1048576,Priority!$AA31, Backup!$O$3:$O$1048576,$O$2) -> 72 | AM31: =SUM(AB31:AL31) -> 264
C32: I | G32: 3086 | H32: =SUM(AF13:AF17) -> 3326 | I32: =G32-H32 -> -240 | J32: ='Dec-23 Plan'!Q17 -> 48 | K32: =SUM(AF31:AF41) -> 12 | AA32: Track Beam without Nose | AB32: =SUMIFS(Backup!$P$3:$P$1048576,Backup!$B$3:$B$1048576,Priority!AB$25,Backup!$D$3:$D$1048576,Priority!$AA32, Backup!$O$3:$O$1048576,$O$2) -> 0 | AC32: =SUMIFS(Backup!$P$3:$P$1048576,Backup!$B$3:$B$1048576,Priority!AC$25,Backup!$D$3:$D$1048576,Priority!$AA32, Backup!$O$3:$O$1048576,$O$2) -> 0 | AD32: =SUMIFS(Backup!$P$3:$P$1048576,Backup!$B$3:$B$1048576,Priority!AD$25,Backup!$D$3:$D$1048576,Priority!$AA32, Backup!$O$3:$O$1048576,$O$2) -> 0 | AE32: =SUMIFS(Backup!$P$3:$P$1048576,Backup!$B$3:$B$1048576,Priority!AE$25,Backup!$D$3:$D$1048576,Priority!$AA32, Backup!$O$3:$O$1048576,$O$2) -> 0 | AF32: =SUMIFS(Backup!$P$3:$P$1048576,Backup!$B$3:$B$1048576,Priority!AF$25,Backup!$D$3:$D$1048576,Priority!$AA32, Backup!$O$3:$O$1048576,$O$2) -> 0 | AG32: =SUMIFS(Backup!$P$3:$P$1048576,Backup!$B$3:$B$1048576,Priority!AG$25,Backup!$D$3:$D$1048576,Priority!$AA32, Backup!$O$3:$O$1048576,$O$2) -> 0 | AH32: =SUMIFS(Backup!$P$3:$P$1048576,Backup!$B$3:$B$1048576,Priority!AH$25,Backup!$D$3:$D$1048576,Priority!$AA32, Backup!$O$3:$O$1048576,$O$2) -> 0 | AI32: =SUMIFS(Backup!$P$3:$P$1048576,Backup!$B$3:$B$1048576,Priority!AI$25,Backup!$D$3:$D$1048576,Priority!$AA32, Backup!$O$3:$O$1048576,$O$2) -> 0 | ... AL32: =SUMIFS(Backup!$P$3:$P$1048576,Backup!$B$3:$B$1048576,Priority!AL$25,Backup!$D$3:$D$1048576,Priority!$AA32, Backup!$O$3:$O$1048576,$O$2) -> 24 | AM32: =SUM(AB32:AL32) -> 204
C33: D | G33: 2943 | H33: =SUM(AG13:AG17) -> 3014 | I33: =G33-H33 -> -71 | J33: ='Dec-23 Plan'!Q18 -> 0 | K33: =SUM(AG31:AG41) -> 0 | AA33: h - Section Beam | AB33: =SUMIFS(Backup!$P$3:$P$1048576,Backup!$B$3:$B$1048576,Priority!AB$25,Backup!$D$3:$D$1048576,Priority!$AA33, Backup!$O$3:$O$1048576,$O$2) -> 0 | AC33: =SUMIFS(Backup!$P$3:$P$1048576,Backup!$B$3:$B$1048576,Priority!AC$25,Backup!$D$3:$D$1048576,Priority!$AA33, Backup!$O$3:$O$1048576,$O$2) -> 36 | AD33: =SUMIFS(Backup!$P$3:$P$1048576,Backup!$B$3:$B$1048576,Priority!AD$25,Backup!$D$3:$D$1048576,Priority!$AA33, Backup!$O$3:$O$1048576,$O$2) -> 72 | AE33: =SUMIFS(Backup!$P$3:$P$1048576,Backup!$B$3:$B$1048576,Priority!AE$25,Backup!$D$3:$D$1048576,Priority!$AA33, Backup!$O$3:$O$1048576,$O$2) -> 72 | AF33: =SUMIFS(Backup!$P$3:$P$1048576,Backup!$B$3:$B$1048576,Priority!AF$25,Backup!$D$3:$D$1048576,Priority!$AA33, Backup!$O$3:$O$1048576,$O$2) -> 12 | AG33: =SUMIFS(Backup!$P$3:$P$1048576,Backup!$B$3:$B$1048576,Priority!AG$25,Backup!$D$3:$D$1048576,Priority!$AA33, Backup!$O$3:$O$1048576,$O$2) -> 0 | AH33: =SUMIFS(Backup!$P$3:$P$1048576,Backup!$B$3:$B$1048576,Priority!AH$25,Backup!$D$3:$D$1048576,Priority!$AA33, Backup!$O$3:$O$1048576,$O$2) -> 12 | AI33: =SUMIFS(Backup!$P$3:$P$1048576,Backup!$B$3:$B$1048576,Priority!AI$25,Backup!$D$3:$D$1048576,Priority!$AA33, Backup!$O$3:$O$1048576,$O$2) -> 0 | ... AL33: =SUMIFS(Backup!$P$3:$P$1048576,Backup!$B$3:$B$1048576,Priority!AL$25,Backup!$D$3:$D$1048576,Priority!$AA33, Backup!$O$3:$O$1048576,$O$2) -> 48 | AM33: =SUM(AB33:AL33) -> 288
B34: 5 | C34: Track Laying | D34: RM | E34: 45017 | F34: 45214 | G34: =SUM(G35:G40) -> 2748 | H34: =SUM(H35:H40) -> 1378 | I34: =G34-H34 -> 1370 | J34: =SUM(J35:J40) -> 360 | K34: =SUM(K35:K40) -> 470 | AA34: U - Section Beam | AB34: =SUMIFS(Backup!$P$3:$P$1048576,Backup!$B$3:$B$1048576,Priority!AB$25,Backup!$D$3:$D$1048576,Priority!$AA34, Backup!$O$3:$O$1048576,$O$2) -> 0 | AC34: =SUMIFS(Backup!$P$3:$P$1048576,Backup!$B$3:$B$1048576,Priority!AC$25,Backup!$D$3:$D$1048576,Priority!$AA34, Backup!$O$3:$O$1048576,$O$2) -> 0 | AD34: =SUMIFS(Backup!$P$3:$P$1048576,Backup!$B$3:$B$1048576,Priority!AD$25,Backup!$D$3:$D$1048576,Priority!$AA34, Backup!$O$3:$O$1048576,$O$2) -> 0 | AE34: =SUMIFS(Backup!$P$3:$P$1048576,Backup!$B$3:$B$1048576,Priority!AE$25,Backup!$D$3:$D$1048576,Priority!$AA34, Backup!$O$3:$O$1048576,$O$2) -> 0 | AF34: =SUMIFS(Backup!$P$3:$P$1048576,Backup!$B$3:$B$1048576,Priority!AF$25,Backup!$D$3:$D$1048576,Priority!$AA34, Backup!$O$3:$O$1048576,$O$2) -> 0 | AG34: =SUMIFS(Backup!$P$3:$P$1048576,Backup!$B$3:$B$1048576,Priority!AG$25,Backup!$D$3:$D$1048576,Priority!$AA34, Backup!$O$3:$O$1048576,$O$2) -> 0 | AH34: =SUMIFS(Backup!$P$3:$P$1048576,Backup!$B$3:$B$1048576,Priority!AH$25,Backup!$D$3:$D$1048576,Priority!$AA34, Backup!$O$3:$O$1048576,$O$2) -> 0 | AI34: =SUMIFS(Backup!$P$3:$P$1048576,Backup!$B$3:$B$1048576,Priority!AI$25,Backup!$D$3:$D$1048576,Priority!$AA34, Backup!$O$3:$O$1048576,$O$2) -> 0 | ... AL34: =SUMIFS(Backup!$P$3:$P$1048576,Backup!$B$3:$B$1048576,Priority!AL$25,Backup!$D$3:$D$1048576,Priority!$AA34, Backup!$O$3:$O$1048576,$O$2) -> 0 | AM34: =SUM(AB34:AL34) -> 36
C35: A | G35: 360 | H35: =AB20 -> 288 | I35: =G35-H35 -> 72 | J35: ='Dec-23 Plan'!C90 -> 0 | K35: =AB44 -> 0
C36: B | G36: 300 | H36: =AC20 -> 0 | I36: =G36-H36 -> 300 | J36: ='Dec-23 Plan'!C91 -> 100 | K36: =AC44 -> 0
C37: H | G37: 454 | H37: =AD20 -> 0 | I37: =G37-H37 -> 454 | J37: ='Dec-23 Plan'!C97 -> 200 | K37: =AD44 -> 0
C38: C | G38: 450 | H38: =AE20 -> 0 | I38: =G38-H38 -> 450 | J38: ='Dec-23 Plan'!C92 -> 60 | K38: =AE44 -> 0
C39: I | G39: 564 | H39: =AF20 -> 470 | I39: =G39-H39 -> 94 | J39: ='Dec-23 Plan'!C98 -> 0 | K39: =AF44 -> 470
C40: D | G40: 620 | H40: =AG20 -> 620 | I40: =G40-H40 -> 0 | J40: ='Dec-23 Plan'!C93 -> 0 | K40: =AG44 -> 0
B41: SMS#4 Route - Part G, J, F, k | AA41: Pre-cast Slab | AB41: =SUMIFS(Backup!$P$3:$P$1048576,Backup!$B$3:$B$1048576,Priority!AB$25,Backup!$D$3:$D$1048576,Priority!$AA41, Backup!$O$3:$O$1048576,$O$2) -> 2.5 | AC41: =SUMIFS(Backup!$P$3:$P$1048576,Backup!$B$3:$B$1048576,Priority!AC$25,Backup!$D$3:$D$1048576,Priority!$AA41, Backup!$O$3:$O$1048576,$O$2) -> 0 | AD41: =SUMIFS(Backup!$P$3:$P$1048576,Backup!$B$3:$B$1048576,Priority!AD$25,Backup!$D$3:$D$1048576,Priority!$AA41, Backup!$O$3:$O$1048576,$O$2) -> 0 | AE41: =SUMIFS(Backup!$P$3:$P$1048576,Backup!$B$3:$B$1048576,Priority!AE$25,Backup!$D$3:$D$1048576,Priority!$AA41, Backup!$O$3:$O$1048576,$O$2) -> 0 | AF41: =SUMIFS(Backup!$P$3:$P$1048576,Backup!$B$3:$B$1048576,Priority!AF$25,Backup!$D$3:$D$1048576,Priority!$AA41, Backup!$O$3:$O$1048576,$O$2) -> 0 | AG41: =SUMIFS(Backup!$P$3:$P$1048576,Backup!$B$3:$B$1048576,Priority!AG$25,Backup!$D$3:$D$1048576,Priority!$AA41, Backup!$O$3:$O$1048576,$O$2) -> 0 | AH41: =SUMIFS(Backup!$P$3:$P$1048576,Backup!$B$3:$B$1048576,Priority!AH$25,Backup!$D$3:$D$1048576,Priority!$AA41, Backup!$O$3:$O$1048576,$O$2) -> 0 | AI41: =SUMIFS(Backup!$P$3:$P$1048576,Backup!$B$3:$B$1048576,Priority!AI$25,Backup!$D$3:$D$1048576,Priority!$AA41, Backup!$O$3:$O$1048576,$O$2) -> 0 | ... AL41: =SUMIFS(Backup!$P$3:$P$1048576,Backup!$B$3:$B$1048576,Priority!AL$25,Backup!$D$3:$D$1048576,Priority!$AA41, Backup!$O$3:$O$1048576,$O$2) -> 0 | AM41: =SUM(AB41:AL41) -> 2.5
B42: Sr. No. | C42: Particulars | D42: Unit | E42: Start Date | F42: Finish Date | G42: Total Scope | H42: =H4 -> As on date | I42: Balance | J42: Target FTM | K42: Achieved FTM | L42: Manpower | AA42: PCC | AB42: =SUMIFS(Backup!$P$3:$P$1048576,Backup!$B$3:$B$1048576,Priority!AB$25,Backup!$D$3:$D$1048576,Priority!$AA42, Backup!$O$3:$O$1048576,$O$2) -> 0 | AC42: =SUMIFS(Backup!$P$3:$P$1048576,Backup!$B$3:$B$1048576,Priority!AC$25,Backup!$D$3:$D$1048576,Priority!$AA42, Backup!$O$3:$O$1048576,$O$2) -> 10 | AD42: =SUMIFS(Backup!$P$3:$P$1048576,Backup!$B$3:$B$1048576,Priority!AD$25,Backup!$D$3:$D$1048576,Priority!$AA42, Backup!$O$3:$O$1048576,$O$2) -> 7 | AE42: =SUMIFS(Backup!$P$3:$P$1048576,Backup!$B$3:$B$1048576,Priority!AE$25,Backup!$D$3:$D$1048576,Priority!$AA42, Backup!$O$3:$O$1048576,$O$2) -> 0 | AF42: =SUMIFS(Backup!$P$3:$P$1048576,Backup!$B$3:$B$1048576,Priority!AF$25,Backup!$D$3:$D$1048576,Priority!$AA42, Backup!$O$3:$O$1048576,$O$2) -> 0 | AG42: =SUMIFS(Backup!$P$3:$P$1048576,Backup!$B$3:$B$1048576,Priority!AG$25,Backup!$D$3:$D$1048576,Priority!$AA42, Backup!$O$3:$O$1048576,$O$2) -> 18 | AH42: =SUMIFS(Backup!$P$3:$P$1048576,Backup!$B$3:$B$1048576,Priority!AH$25,Backup!$D$3:$D$1048576,Priority!$AA42, Backup!$O$3:$O$1048576,$O$2) -> 30 | AI42: =SUMIFS(Backup!$P$3:$P$1048576,Backup!$B$3:$B$1048576,Priority!AI$25,Backup!$D$3:$D$1048576,Priority!$AA42, Backup!$O$3:$O$1048576,$O$2) -> 0 | ... AL42: =SUMIFS(Backup!$P$3:$P$1048576,Backup!$B$3:$B$1048576,Priority!AL$25,Backup!$D$3:$D$1048576,Priority!$AA42, Backup!$O$3:$O$1048576,$O$2) -> 44 | AM42: =SUM(AB42:AL42) -> 109
B43: 1 | C43: Foundation | D43: Nos | E43: 45047 | F43: 45169 | G43: 209 | H43: =SUM(Details!J53:J56) -> 205 | I43: =G43-H43 -> 4 | J43: ='Dec-23 Plan'!E19 -> 14 | K43: =SUM(Details!I36:I39) -> 6 | M43: Manual Entry- Data Not Available | AA43: Total | AB43: =SUM(AB26:AB42) -> 2.5 | AC43: =SUM(AC26:AC42) -> 110 | AD43: =SUM(AD26:AD42) -> 153 | AE43: =SUM(AE26:AE42) -> 72 | AF43: =SUM(AF26:AF42) -> 12 | AG43: =SUM(AG26:AG42) -> 18 | AH43: =SUM(AH26:AH42) -> 390 | AI43: =SUM(AI26:AI42) -> 89 | ... AM43: =SUM(AM26:AM42) -> 1895.5
B44: 2 | C44: Pier Cap | D44: Nos | E44: 45078 | F44: 45260 | G44: =SUM(G45:G48) -> 75 | H44: =SUM(H45:H48) -> 43 | I44: =G44-H44 -> 32 | J44: =SUM(J45:J48) -> 4 | K44: =SUM(K45:K48) -> 1 | AA44: Track Laying | AB44: =SUMIFS(Backup!$I$3:$I$1048576,Backup!$B$3:$B$1048576,Priority!AB$25,Backup!$D$3:$D$1048576,Priority!$AA44, Backup!$O$3:$O$1048576,$O$2) -> 0 | AC44: =SUMIFS(Backup!$I$3:$I$1048576,Backup!$B$3:$B$1048576,Priority!AC$25,Backup!$D$3:$D$1048576,Priority!$AA44, Backup!$O$3:$O$1048576,$O$2) -> 0 | AD44: =SUMIFS(Backup!$I$3:$I$1048576,Backup!$B$3:$B$1048576,Priority!AD$25,Backup!$D$3:$D$1048576,Priority!$AA44, Backup!$O$3:$O$1048576,$O$2) -> 0 | AE44: =SUMIFS(Backup!$I$3:$I$1048576,Backup!$B$3:$B$1048576,Priority!AE$25,Backup!$D$3:$D$1048576,Priority!$AA44, Backup!$O$3:$O$1048576,$O$2) -> 0 | AF44: =SUMIFS(Backup!$I$3:$I$1048576,Backup!$B$3:$B$1048576,Priority!AF$25,Backup!$D$3:$D$1048576,Priority!$AA44, Backup!$O$3:$O$1048576,$O$2) -> 470 | AG44: =SUMIFS(Backup!$I$3:$I$1048576,Backup!$B$3:$B$1048576,Priority!AG$25,Backup!$D$3:$D$1048576,Priority!$AA44, Backup!$O$3:$O$1048576,$O$2) -> 0 | AH44: =SUMIFS(Backup!$I$3:$I$1048576,Backup!$B$3:$B$1048576,Priority!AH$25,Backup!$D$3:$D$1048576,Priority!$AA44, Backup!$O$3:$O$1048576,$O$2) -> 0 | AI44: =SUMIFS(Backup!$I$3:$I$1048576,Backup!$B$3:$B$1048576,Priority!AI$25,Backup!$D$3:$D$1048576,Priority!$AA44, Backup!$O$3:$O$1048576,$O$2) -> 0 | ... AL44: =SUMIFS(Backup!$I$3:$I$1048576,Backup!$B$3:$B$1048576,Priority!AL$25,Backup!$D$3:$D$1048576,Priority!$AA44, Backup!$O$3:$O$1048576,$O$2) -> 0 | AM44: =SUM(AB44:AL44) -> 470
C45: G | G45: 25 | H45: =IFERROR(SUMIFS(Backup!$G:$G, Backup!$D:$D, $C6, Backup!$B:$B, $AD$4), "-") -> 10 | I45: =G45-H45 -> 15 | J45: ='Dec-23 Plan'!I25 -> 0 | K45: =SUMIFS(Backup!$G:$G, Backup!$O:$O, $O$2, Backup!$D:$D, $C$6,Backup!$B:$B, $AD$4) -> 0
C46: J | G46: 16 | H46: =IFERROR(SUMIFS(Backup!$G:$G, Backup!$D:$D, $C6, Backup!$B:$B, $AE$4), "-") -> 13 | I46: =G46-H46 -> 3 | J46: ='Dec-23 Plan'!I27 -> 4 | K46: =SUMIFS(Backup!$G:$G, Backup!$O:$O, $O$2, Backup!$D:$D, $C$6,Backup!$B:$B, $AE$4) -> 1
C47: F | G47: 15 | H47: =IFERROR(SUMIFS(Backup!$G:$G, Backup!$D:$D, $C6, Backup!$B:$B, $AF$4), "-") -> 15 | I47: =G47-H47 -> 0 | J47: ='Dec-23 Plan'!I23 -> 0 | K47: =SUMIFS(Backup!$G:$G, Backup!$O:$O, $O$2, Backup!$D:$D, $C$6,Backup!$B:$B, $AF$4) -> 0
C48: K | G48: 19 | H48: =IFERROR(SUMIFS(Backup!$G:$G, Backup!$D:$D, $C6, Backup!$B:$B, $AG$4), "-") -> 5 | I48: =G48-H48 -> 14 | J48: ='Dec-23 Plan'!I29 -> 0 | K48: =SUMIFS(Backup!$G:$G, Backup!$O:$O, $O$2, Backup!$D:$D, $C$6,Backup!$B:$B, $AG$4) -> 0
B49: 3 | C49: Total Erection | D49: Nos | E49: 44774 | F49: 45290 | G49: =SUM(G50:G53) -> 1261 | H49: =SUM(H50:H53) -> 338 | I49: =G49-H49 -> 923 | J49: =SUM(J50:J53) -> 37 | K49: =SUM(K50:K53) -> 0
C50: G | G50: 245 | H50: =IFERROR(SUMIFS(Backup!$H:$H, Backup!$B:$B,$AD$4), "-") -> 83 | I50: =G50-H50 -> 162 | J50: ='Dec-23 Plan'!H78 -> 0 | K50: =SUMIFS(Backup!$H:$H, Backup!$O:$O, $O$2, Backup!$B:$B, $AD$4) -> 0
C51: J | G51: 234 | H51: =IFERROR(SUMIFS(Backup!$H:$H, Backup!$B:$B,$AE$4), "-") -> 37 | I51: =G51-H51 -> 197 | J51: ='Dec-23 Plan'!H80 -> 37 | K51: =SUMIFS(Backup!$H:$H, Backup!$O:$O, $O$2, Backup!$B:$B, $AE$4) -> 0
C52: F | G52: 172 | H52: =IFERROR(SUMIFS(Backup!$H:$H, Backup!$B:$B,$AF$4), "-") -> 187 | I52: =G52-H52 -> -15 | J52: ='Dec-23 Plan'!H76 -> 0 | K52: =SUMIFS(Backup!$H:$H, Backup!$O:$O, $O$2, Backup!$B:$B, $AF$4) -> 0
C53: K | G53: 610 | H53: =IFERROR(SUMIFS(Backup!$H:$H, Backup!$B:$B,$AG$4), "-") -> 31 | I53: =G53-H53 -> 579 | J53: ='Dec-23 Plan'!H82 -> 0 | K53: =SUMIFS(Backup!$H:$H, Backup!$O:$O, $O$2, Backup!$B:$B, $AG$4) -> 0
B54: 4 | C54: RCC Qty ( Cast In-situ) | D54: Cum | E54: 45047 | F54: 45290 | G54: =SUM(G55:G58) -> 15126 | H54: =SUM(H55:H58) -> 12843 | I54: =G54-H54 -> 2283 | J54: =SUM(J55:J58) -> 844 | K54: =SUM(K55:K58) -> 580
C55: G | G55: 3634 | H55: =SUM(AH$8:AH$12) -> 3298 | I55: =G55-H55 -> 336 | J55: ='Dec-23 Plan'!J26 -> 304 | K55: =SUM($AH26:$AH30) -> 348
C56: J | G56: 2704 | H56: =SUM(AI$8:AI$12) -> 2444.5 | I56: =G56-H56 -> 259.5 | J56: ='Dec-23 Plan'!J28 -> 200 | K56: =SUM($AI26:$AI30) -> 65
C57: F | G57: 1980 | H57: =SUM(AJ$8:AJ$12) -> 1916.5 | I57: =G57-H57 -> 63.5 | J57: ='Dec-23 Plan'!J24 -> 0 | K57: =SUM($AJ26:$AJ30) -> 0
C58: K | G58: 6808 | H58: =SUM(AK$8:AK$12) -> 5184 | I58: =G58-H58 -> 1624 | J58: ='Dec-23 Plan'!J30 -> 340 | K58: =SUM($AK26:$AK30) -> 167
B59: 5 | C59: RCC Qty ( Precast) | D59: Cum | E59: 45047 | F59: 45290 | G59: =SUM(G60:G63) -> 11592 | H59: =SUM(H60:H63) -> 7992.5 | I59: =G59-H59 -> 3599.5 | J59: =SUM(J60:J63) -> 1316 | K59: =SUM(K60:K63) -> 456
C60: G | G60: 2123 | H60: =SUM(AH13:AH17) -> 1336 | I60: =G60-H60 -> 787 | J60: ='Dec-23 Plan'!Q19 -> 286 | K60: =SUM(AH31:AH41) -> 12
C61: J | G61: 2209 | H61: =SUM(AI13:AI17) -> 1380 | I61: =G61-H61 -> 829 | J61: ='Dec-23 Plan'!Q22 -> 696 | K61: =SUM(AI31:AI41) -> 24
C62: F | G62: 1598 | H62: =SUM(AJ13:AJ17) -> 1726 | I62: =G62-H62 -> -128 | J62: ='Dec-23 Plan'!Q18 -> 0 | K62: =SUM(AJ31:AJ41) -> 0
C63: K | G63: 5662 | H63: =SUM(AK13:AK17) -> 3550.5 | I63: =G63-H63 -> 2111.5 | J63: ='Dec-23 Plan'!Q23 -> 334 | K63: =SUM(AK31:AK41) -> 420
B64: 5 | C64: Track Laying | D64: RM | E64: 45170 | F64: 45322 | G64: =SUM(G65:G68) -> 2077 | H64: =SUM(H65:H68) -> 0 | I64: =G64-H64 -> 2077 | J64: =SUM(J65:J68) -> 200 | K64: =SUM(K65:K68) -> 0
C65: G | G65: 450 | H65: =AH20 -> 0 | I65: =G65-H65 -> 450 | J65: ='Dec-23 Plan'!C96 -> 0 | K65: =AH44 -> 0
C66: J | G66: 357 | H66: =AI20 -> 0 | I66: =G66-H66 -> 357 | J66: ='Dec-23 Plan'!C99 -> 0 | K66: =AI44 -> 0
C67: F | G67: 279 | H67: =AJ20 -> 0 | I67: =G67-H67 -> 279 | J67: ='Dec-23 Plan'!C95 -> 200 | K67: =AJ44 -> 0
C68: K | G68: 991 | H68: =AK20 -> 0 | I68: =G68-H68 -> 991 | J68: ='Dec-23 Plan'!C100 -> 0 | K68: =AK44 -> 0
B69: Link Route/ Return Route- Part E
B70: Sr. No. | C70: Particulars | D70: Unit | E70: Start Date | F70: Finish Date | G70: Total Scope | H70: =H42 -> As on date | I70: =I42 -> Balance | J70: =J42 -> Target FTM | K70: =K42 -> Achieved FTM | L70: =L42 -> Manpower
B71: 1 | C71: Foundation | D71: Nos | E71: 45139 | F71: 45169 | G71: 36 | H71: =Details!J52 -> 27 | I71: =G71-H71 -> 9 | J71: 0 | K71: =Details!I35 -> 8 | M71: Manual Entry- Data Not Available
B72: 2 | C72: Pier Cap | D72: Nos | E72: 45170 | F72: 45214 | G72: 18 | H72: =IFERROR(SUMIFS(Backup!$G:$G, Backup!$D:$D, $C6, Backup!$B:$B, $AD$5), "-") -> 4 | I72: =G72-H72 -> 14 | J72: ='Dec-23 Plan'!I21 -> 4 | K72: =SUMIFS(Backup!$G:$G, Backup!$O:$O, $O$2, Backup!$D:$D, $C$6,Backup!$B:$B, $AD$5) -> 2
B73: 3 | C73: Total Erection | D73: Nos | E73: 45189 | F73: 45290 | G73: 190 | H73: =IFERROR(SUMIFS(Backup!$H:$H, Backup!$B:$B,$AD$5), "-") -> 0 | I73: =G73-H73 -> 190 | J73: ='Dec-23 Plan'!H74 -> 0 | K73: =SUMIFS(Backup!$H:$H, Backup!$O:$O, $O$2, Backup!$B:$B, $AD$5) -> 0
B74: 4 | C74: RCC Qty ( Cast In-situ) | D74: Cum | E74: 45139 | F74: 45290 | G74: 2256 | H74: =SUM(AL8:AL12) -> 1080 | I74: =G74-H74 -> 1176 | J74: ='Dec-23 Plan'!J22 -> 346 | K74: =SUM(AL26:AL30) -> 274
B75: 5 | C75: RCC Qty ( Precast) | D75: Cum | E75: 45139 | F75: 45290 | G75: 2165 | H75: =SUM(AL13:AL18) -> 785 | I75: =G75-H75 -> 1380 | J75: ='Dec-23 Plan'!Q17 -> 48 | K75: =SUM(AL31:AL42) -> 188
B76: 6 | C76: Track Laying | D76: RM | E76: 45245 | F76: 45322 | G76: 325 | H76: =AL20 -> 0 | I76: =G76-H76 -> 325 | J76: ='Dec-23 Plan'!C94 -> 0 | K76: =AL44 -> 0
B78: Target Vs. Actual
B79: SL No | C79: Description | D79: Scope | E79: UoM | F79: Daily | H79: Monthly | J79: Cumulative Till Date | L79: Balance
F80: Target | G80: Achieved | H80: Target | I80: Achieved | J80: Target | K80: Achieved
B81: 1 | C81: Excavation for foundation | D81: =Summary!C10 -> 495 | E81: Nos. | F81: =Summary!E10 -> 0 | G81: =Summary!F10 -> 2 | H81: =Summary!G10 -> 0 | I81: =Summary!H10 -> 24 | J81: =Summary!I10 -> 470 | K81: =Summary!J10 -> 522 | L81: =Summary!K10 -> -27
B82: 2 | C82: Pier Cap | D82: =Summary!C11 -> 259 | E82: Nos. | F82: =Summary!E11 -> 0 | G82: =Summary!F11 -> 1 | H82: =Summary!G11 -> 0 | I82: =Summary!H11 -> 5 | J82: =Summary!I11 -> 124 | K82: =Summary!J11 -> 208 | L82: =Summary!K11 -> 51
B83: 3 | C83: RCC Cast-in-situ & Pre-cast | D83: =Summary!C12 -> 61107 | E83: Cum | F83: =Summary!E12 -> 108.73333 | G83: =Summary!F12 -> 162 | H83: =Summary!G12 -> 4037 | I83: =Summary!H12 -> 2659 | J83: =Summary!I12 -> 74263.16 | K83: =Summary!J12 -> 50118.55 | L83: =Summary!K12 -> 10988.45
B84: 4 | C84: Erection-For all Beams | D84: =Summary!C13 -> 2946 | E84: Nos. | F84: =Summary!E13 -> 0 | G84: =Summary!F13 -> 2 | H84: =Summary!G13 -> 245 | I84: =Summary!H13 -> 59 | J84: =Summary!I13 -> 5584.5 | K84: =Summary!J13 -> 1509 | L84: =Summary!K13 -> -2638.5

Sheet Details
I1: ='Top Sheet'!H6 -> 45278 | K1: ='Top Sheet'!X11 -> 45261
A2: Summary
A3: Sr. No. | B3: Activity | C3: Scope in Nos. | D3: Clear Front | E3: Tentative Scope (Cum) | F3: Plan | G3: Plan | H3: Achieved | I3: Achieved | J3: Balance | K3: Today's Progress | L3: Today's Progress | M3: Asking Rate/Day
A4: Month: | F4: ='Top Sheet'!X12 -> 45261 | G4: =F4 -> 45261 | H4: =G4 -> 45261 | I4: =H4 -> 45261 | J4: =I4 -> 45261 | K4: =J4 -> 45261 | L4: =K4 -> 45261 | M4: =L4 -> 45261
A5: UOM: | F5: No's | G5: Cum | H5: No's | I5: Cum | J5: Cum | K5: No's | L5: Cum | M5: Cum
A6: 1 | B6: Excavation | C6: =C57 -> 550 | D6: =F57 -> 470 | E6: =C6*150 -> 82500 | F6: ='Dec-23 Plan'!C31 -> 0 | G6: =F6 -> 0 | H6: 0 | I6: =SUMIFS(Backup!$H:$H,Backup!$O:$O,Details!I$4,Backup!$D:$D,Details!$B6) -> 0 | J6: =G6-I6 -> 0 | K6: =SUMIFS(Backup!$F:$F,Backup!$O:$O,Details!K$4,Backup!$D:$D,Details!$B6,Backup!$A:$A,Details!$I$1) -> 0 | L6: =SUMIFS(Backup!$H:$H,Backup!$O:$O,Details!L$4,Backup!$D:$D,Details!$B6,Backup!$A:$A,Details!$I$1) -> 0 | M6: =IFERROR(ROUND((J6/'Top Sheet'!$Z$11),0),0) -> 0
A7: =A6+1 -> 2 | B7: Filling | C7: =C6 -> 550 | D7: =F57 -> 470 | H7: =SUMIFS(Backup!$H:$H,Backup!$O:$O,Details!H$4,Backup!$D:$D,Details!$B7) -> 0 | I7: =SUMIFS(Backup!$H:$H,Backup!$O:$O,Details!I$4,Backup!$D:$D,Details!$B7) -> 0 | J7: =G7-I7 -> 0 | K7: =SUMIFS(Backup!$F:$F,Backup!$O:$O,Details!K$4,Backup!$D:$D,Details!$B7,Backup!$A:$A,Details!$I$1) -> 0 | L7: =SUMIFS(Backup!$H:$H,Backup!$O:$O,Details!L$4,Backup!$D:$D,Details!$B7,Backup!$A:$A,Details!$I$1) -> 0 | M7: =IFERROR(ROUND((J7/'Top Sheet'!$Z$11),0),0) -> 0
A8: =A7+1 -> 3 | B8: PCC | C8: =C6 -> 550 | D8: =D6 -> 470 | E8: 2079 | F8: ='Top Sheet'!Z14 -> 0 | G8: ='Top Sheet'!X14 -> 0 | H8: =SUMIFS(Backup!$G:$G,Backup!$D:$D,Backup!$D$4,Backup!$O:$O,$K$1) -> 24 | I8: =SUMIFS(Backup!$K:$K,Backup!$D:$D,Details!B8,Backup!$O:$O,$K$1) -> 109 | J8: =G8-I8 -> -109 | K8: =SUMIFS(Backup!$F:$F,Backup!$O:$O,Details!K$4,Backup!$D:$D,Details!$B8,Backup!$A:$A,Details!$I$1) -> 2 | L8: =SUMIFS(Backup!K:$K,Backup!$O:$O,Details!L$4,Backup!$D:$D,Details!$B8,Backup!$A:$A,Details!$I$1) -> 28 | M8: =IFERROR(ROUND((J8/'Top Sheet'!$Z$11),0),0) -> -8
A9: =A8+1 -> 4 | B9: RCC Foundation | C9: =C8 -> 550 | D9: =D8 -> 470 | E9: =ROUND(C9*K58,0) -> 11636 | F9: ='Top Sheet'!Z15 -> 0 | G9: ='Top Sheet'!X15 -> 0 | H9: =SUMIFS(Backup!$G:$G,Backup!$D:$D,Details!B9,Backup!$O:$O,Details!$K$1) -> 16 | I9: =SUMIFS(Backup!$M:$M,Backup!$D:$D,Details!B9,Backup!$O:$O,$K$1) -> 476 | J9: =G9-I9 -> -476 | K9: =SUMIFS(Backup!$F:$F,Backup!$O:$O,Details!K$4,Backup!$D:$D,Details!$B9,Backup!$A:$A,Details!$I$1) -> 2 | L9: =SUMIFS(Backup!$M:$M,Backup!$O:$O,Details!L$4,Backup!$D:$D,Details!$B9,Backup!$A:$A,Details!$I$1) -> 40 | M9: =IFERROR(ROUND((J9/'Top Sheet'!$Z$11),0),0) -> -37
A10: =A9+1 -> 5 | B10: Step Footing | C10: =C9 -> 550 | D10: =D9 -> 470 | E10: =ROUND(C10*M58,0) -> 3050 | F10: ='Top Sheet'!Z16 -> 0 | G10: ='Top Sheet'!X16 -> 0 | H10: =SUMIFS(Backup!$G:$G,Backup!$D:$D,B10,Backup!$O:$O,Details!K1) -> 14 | I10: =SUMIFS(Backup!$M:$M,Backup!$D:$D,Details!B10,Backup!$O:$O,$K$1) -> 80 | J10: =G10-I10 -> -80 | K10: =SUMIFS(Backup!$F:$F,Backup!$O:$O,Details!K$4,Backup!$D:$D,Details!$B10,Backup!$A:$A,Details!$I$1) -> 1 | L10: =SUMIFS(Backup!$M:$M,Backup!$O:$O,Details!L$4,Backup!$D:$D,Details!$B10,Backup!$A:$A,Details!$I$1) -> 5 | M10: =IFERROR(ROUND((J10/'Top Sheet'!$Z$11),0),0) -> -6
A11: =A10+1 -> 6 | B11: Pier 1900 mm | C11: =C9 -> 550 | D11: 294 | E11: =ROUND(C11*N58,0) -> 3530 | F11: ='Top Sheet'!Z17 -> 0 | G11: ='Top Sheet'!X17 -> 0 | H11: =SUMIFS(Backup!$G:$G,Backup!$D:$D,Backup!$D$80,Backup!$O:$O,Details!$K$1) -> 12 | I11: =SUMIFS(Backup!$M:$M,Backup!$D:$D,Details!B11,Backup!$O:$O,$K$1) -> 68 | J11: =G11-I11 -> -68 | K11: =SUMIFS(Backup!$F:$F,Backup!$O:$O,Details!K$4,Backup!$D:$D,Details!$B11,Backup!$A:$A,Details!$I$1) -> 2 | L11: =SUMIFS(Backup!$M:$M,Backup!$O:$O,Details!L$4,Backup!$D:$D,Details!$B11,Backup!$A:$A,Details!$I$1) -> 12 | M11: =IFERROR(ROUND((J11/'Top Sheet'!$Z$11),0),0) -> -5
A12: =A11+1 -> 7 | B12: Pier 1600 mm | C12: =C11 -> 550 | D12: 294 | E12: =ROUND(C12*O58,0) -> 5191 | F12: ='Top Sheet'!Z18 -> 0 | G12: ='Top Sheet'!X18 -> 0 | H12: =SUMIFS(Backup!$G:$G,Backup!$D:$D,Backup!$D$162,Backup!$O:$O,$K$1) -> 15 | I12: =SUMIFS(Backup!$M:$M,Backup!$D:$D,Details!B12,Backup!$O:$O,$K$1) -> 172 | J12: =G12-I12 -> -172 | K12: =SUMIFS(Backup!$F:$F,Backup!$O:$O,Details!K$4,Backup!$D:$D,Details!$B12,Backup!$A:$A,Details!$I$1) -> 2 | L12: =SUMIFS(Backup!$M:$M,Backup!$O:$O,Details!L$4,Backup!$D:$D,Details!$B12,Backup!$A:$A,Details!$I$1) -> 10 | M12: =IFERROR(ROUND((J12/'Top Sheet'!$Z$11),0),0) -> -13
A13: =A12+1 -> 8 | B13: Pier Cap | C13: 454 | D13: 137 | E13: =ROUND(C13*R58,0) -> 12354 | F13: ='Top Sheet'!Z19 -> 0 | G13: ='Top Sheet'!X19 -> 0 | H13: =SUMIFS(Backup!$G:$G,Backup!$D:$D,Backup!$D$167,Backup!$O:$O,Details!$K$1) -> 5 | I13: =SUMIFS(Backup!$N:$N,Backup!$D:$D,Details!B13,Backup!$O:$O,$K$1) -> 196 | J13: =G13-I13 -> -196 | K13: =SUMIFS(Backup!$F:$F,Backup!$O:$O,Details!K$4,Backup!$D:$D,Details!$B13,Backup!$A:$A,Details!$I$1) -> 1 | L13: =SUMIFS(Backup!$N:$N,Backup!$O:$O,Details!L$4,Backup!$D:$D,Details!$B13,Backup!$A:$A,Details!$I$1) -> 35 | M13: =IFERROR(ROUND((J13/'Top Sheet'!$Z$11),0),0) -> -15
A14: 7 | B14: Track Beam with Nose | C14: =600 -> 600 | E14: =11.988*C14 -> 7192.8 | F14: ='Top Sheet'!Z20 -> 0 | G14: ='Top Sheet'!X20 -> 0 | H14: =SUMIFS(Backup!$G:$G,Backup!$D:$D,Details!B14,Backup!$O:$O,Details!$K$1) -> 22 | I14: =SUMIFS(Backup!$N:$N,Backup!$D:$D,Details!B14,Backup!$O:$O,$K$1) -> 264 | J14: =G14-I14 -> -264 | K14: =SUMIFS(Backup!$F:$F,Backup!$O:$O,Details!K$4,Backup!$D:$D,Details!$B14,Backup!$A:$A,Details!$I$1) -> 2 | L14: =SUMIFS(Backup!$N:$N,Backup!$O:$O,Details!L$4,Backup!$D:$D,Details!$B14,Backup!$A:$A,Details!$I$1) -> 24 | M14: =IFERROR(ROUND((J14/'Top Sheet'!$Z$11),0),0) -> -20
A15: 8 | B15: Track Beam without Nose | C15: =600 -> 600 | E15: =C15*11.48 -> 6888 | F15: ='Top Sheet'!Z21 -> 0 | G15: ='Top Sheet'!X21 -> 0 | H15: =SUMIFS(Backup!$G:$G,Backup!$D:$D,Details!B15,Backup!$O:$O,Details!$K$1) -> 17 | I15: =SUMIFS(Backup!$N:$N,Backup!$D:$D,Details!B15,Backup!$O:$O,$K$1) -> 204 | J15: =G15-I15 -> -204 | K15: =SUMIFS(Backup!$F:$F,Backup!$O:$O,Details!K$4,Backup!$D:$D,Details!$B15,Backup!$A:$A,Details!$I$1) -> 1 | L15: =SUMIFS(Backup!$N:$N,Backup!$O:$O,Details!L$4,Backup!$D:$D,Details!$B15,Backup!$A:$A,Details!$I$1) -> 12 | M15: =IFERROR(ROUND((J15/'Top Sheet'!$Z$11),0),0) -> -16
A16: 9 | B16: h - Section Beam | C16: =600 -> 600 | E16: =C16*9.35 -> 5610 | F16: ='Top Sheet'!Z22 -> 0 | G16: ='Top Sheet'!X22 -> 0 | H16: =SUMIFS(Backup!$G:$G,Backup!$D:$D,Details!B16,Backup!$O:$O,Details!$K$1) -> 24 | I16: =SUMIFS(Backup!$N:$N,Backup!$D:$D,Details!B16,Backup!$O:$O,$K$1) -> 288 | J16: =G16-I16 -> -288 | K16: =SUMIFS(Backup!$F:$F,Backup!$O:$O,Details!K$4,Backup!$D:$D,Details!$B16,Backup!$A:$A,Details!$I$1) -> 2 | L16: =SUMIFS(Backup!$N:$N,Backup!$O:$O,Details!L$4,Backup!$D:$D,Details!$B16,Backup!$A:$A,Details!$I$1) -> 24 | M16: =IFERROR(ROUND((J16/'Top Sheet'!$Z$11),0),0) -> -22
A17: 10 | B17: U - Section Beam | C17: =600 -> 600 | E17: =C17*9.05 -> 5430 | F17: ='Top Sheet'!Z23 -> 0 | G17: ='Top Sheet'!X23 -> 0 | H17: =SUMIFS(Backup!$G:$G,Backup!$D:$D,Details!B17,Backup!$O:$O,Details!$K$1) -> 3 | I17: =SUMIFS(Backup!$N:$N,Backup!$D:$D,Details!B17,Backup!$O:$O,$K$1) -> 36 | J17: =G17-I17 -> -36 | K17: =SUMIFS(Backup!$F:$F,Backup!$O:$O,Details!K$4,Backup!$D:$D,Details!$B17,Backup!$A:$A,Details!$I$1) -> 0 | L17: =SUMIFS(Backup!$N:$N,Backup!$O:$O,Details!L$4,Backup!$D:$D,Details!$B17,Backup!$A:$A,Details!$I$1) -> 0 | M17: =IFERROR(ROUND((J17/'Top Sheet'!$Z$11),0),0) -> -3
A18: 11 | B18: Pre-cast Slab | C18: 600 | E18: =C18*2 -> 1200 | F18: ='Top Sheet'!Z24 -> 0 | G18: ='Top Sheet'!X24 -> 0 | H18: =SUMIFS(Backup!$G:$G,Backup!$D:$D,Details!B18,Backup!$O:$O,Details!$K$1) -> 5 | I18: =SUMIFS(Backup!$N:$N,Backup!$D:$D,Details!B18,Backup!$O:$O,$K$1) -> 2.5 | J18: =G18-I18 -> -2.5 | K18: =SUMIFS(Backup!$F:$F,Backup!$O:$O,Details!K$4,Backup!$D:$D,Details!$B18,Backup!$A:$A,Details!$I$1) -> 0 | L18: =SUMIFS(Backup!$N:$N,Backup!$O:$O,Details!L$4,Backup!$D:$D,Details!$B18,Backup!$A:$A,Details!$I$1) -> 0 | M18: =IFERROR(ROUND((J18/'Top Sheet'!$Z$11),0),0) -> 0
A19: 12 | B19: Erection-Track Beam with Nose | C19: 600 | E19: 7192.8 | F19: ='Top Sheet'!Z25 -> 0 | G19: ='Top Sheet'!X25 -> 0 | H19: =SUMIFS(Backup!$G:$G,Backup!$D:$D,Details!B19,Backup!$O:$O,Details!$K$1) -> 22 | I19: =SUMIFS(Backup!$N:$N,Backup!$D:$D,Details!B19,Backup!$O:$O,$K$1) -> 0 | J19: =G19-I19 -> 0 | K19: =SUMIFS(Backup!$F:$F,Backup!$O:$O,Details!K$4,Backup!$D:$D,Details!$B19,Backup!$A:$A,Details!$I$1) -> 0 | L19: =SUMIFS(Backup!$H:$H,Backup!$A:$A,$I$1,Backup!$D:$D,Details!B19) -> 0 | M19: =IFERROR(ROUND((J19/'Top Sheet'!$Z$11),0),0) -> 0
A20: =A19+1 -> 13 | B20: Erection-Track Beam without Nose | C20: 600 | E20: 6888 | F20: ='Top Sheet'!Z26 -> 0 | G20: ='Top Sheet'!X26 -> 0 | H20: =SUMIFS(Backup!$G:$G,Backup!$D:$D,Details!B20,Backup!$O:$O,Details!$K$1) -> 11 | I20: =SUMIFS(Backup!$N:$N,Backup!$D:$D,Details!B20,Backup!$O:$O,$K$1) -> 0 | J20: =G20-I20 -> 0 | K20: =SUMIFS(Backup!$F:$F,Backup!$O:$O,Details!K$4,Backup!$D:$D,Details!$B20,Backup!$A:$A,Details!$I$1) -> 0 | L20: =SUMIFS(Backup!$H:$H,Backup!$A:$A,$I$1,Backup!$D:$D,Details!B20) -> 0 | M20: =IFERROR(ROUND((J20/'Top Sheet'!$Z$11),0),0) -> 0
A21: =A20+1 -> 14 | B21: Erection-h - Section Beam | C21: 600 | E21: 5610 | F21: ='Top Sheet'!Z27 -> 0 | G21: ='Top Sheet'!X27 -> 0 | H21: =SUMIFS(Backup!$G:$G,Backup!$D:$D,Details!B21,Backup!$O:$O,Details!$K$1) -> 10 | I21: =SUMIFS(Backup!$N:$N,Backup!$D:$D,Details!B21,Backup!$O:$O,$K$1) -> 0 | J21: =G21-I21 -> 0 | K21: =SUMIFS(Backup!$F:$F,Backup!$O:$O,Details!K$4,Backup!$D:$D,Details!$B21,Backup!$A:$A,Details!$I$1) -> 0 | L21: =SUMIFS(Backup!$H:$H,Backup!$A:$A,$I$1,Backup!$D:$D,Details!B21) -> 0 | M21: =IFERROR(ROUND((J21/'Top Sheet'!$Z$11),0),0) -> 0
A22: =A21+1 -> 15 | B22: Erection-U - Section Beam | C22: 600 | E22: 5430 | F22: ='Top Sheet'!Z28 -> 0 | G22: ='Top Sheet'!X28 -> 0 | H22: =SUMIFS(Backup!$G:$G,Backup!$D:$D,Details!B22,Backup!$O:$O,Details!$K$1) -> 12 | I22: =SUMIFS(Backup!$N:$N,Backup!$D:$D,Details!B22,Backup!$O:$O,$K$1) -> 0 | J22: =G22-I22 -> 0 | K22: =SUMIFS(Backup!$F:$F,Backup!$O:$O,Details!K$4,Backup!$D:$D,Details!$B22,Backup!$A:$A,Details!$I$1) -> 2 | L22: =SUMIFS(Backup!$H:$H,Backup!$A:$A,$I$1,Backup!$D:$D,Details!B22) -> 2 | M22: =IFERROR(ROUND((J22/'Top Sheet'!$Z$11),0),0) -> 0
A23: =A22+1 -> 16 | B23: Erection-Pre-cast Slab | C23: 600 | E23: =C23*2 -> 1200 | F23: ='Top Sheet'!Z29 -> 0 | G23: ='Top Sheet'!X29 -> 0 | H23: =SUMIFS(Backup!$G:$G,Backup!$D:$D,Details!B23,Backup!$O:$O,Details!$K$1) -> 0 | I23: =SUMIFS(Backup!$N:$N,Backup!$D:$D,Details!B23,Backup!$O:$O,$K$1) -> 0 | J23: =G23-I23 -> 0 | K23: =SUMIFS(Backup!$F:$F,Backup!$O:$O,Details!K$4,Backup!$D:$D,Details!$B23,Backup!$A:$A,Details!$I$1) -> 0 | L23: =SUMIFS(Backup!$H:$H,Backup!$A:$A,$I$1,Backup!$D:$D,Details!B23) -> 0 | M23: =IFERROR(ROUND((J23/'Top Sheet'!$Z$11),0),0) -> 0
A24: =A23+1 -> 17 | B24: Track Laying | H24: =SUMIFS(Backup!$G:$G,Backup!$D:$D,Details!B24,Backup!$O:$O,Details!$K$1) -> 0 | I24: =SUMIFS(Backup!$N:$N,Backup!$D:$D,Details!B24,Backup!$O:$O,$K$1) -> 0 | J24: =G24-I24 -> 0 | K24: =SUMIFS(Backup!$F:$F,Backup!$O:$O,Details!K$4,Backup!$D:$D,Details!$B24,Backup!$A:$A,Details!$I$1) -> 0 | L24: =SUMIFS(Backup!$H:$H,Backup!$A:$A,$I$1,Backup!$D:$D,Details!B24) -> 0 | M24: =IFERROR(ROUND((J24/'Top Sheet'!$Z$11),0),0) -> 0
E25: =SUM(E8:E18) -> 64160.8
A26: TOTAL CONCRETE> | G26: =SUM(G8:G18) -> 0 | I26: =SUM(I8:I18) -> 1895.5 | J26: =SUM(J8:J18) -> -1895.5 | K26: =SUM(K8:K18) -> 15 | L26: =SUM(L8:L18) -> 190 | M26: =SUM(M8:M18) -> -145
A27: Work Done in Current Month Area Wise
A28: Section | B28: Initial Scope (Piers) | C28: Actual Scope | D28: No. of Pier as per Drawing Available | E28: Length of piers | F28: Clear Front (Nos.) | G28: PCC (Nos.) | H28: PCC (Cum) | I28: Footings (Nos.) | J28: Footings (cum) | K28: Spread Footing (No's) | L28: Spread Footing (Cum) | M28: 1.9m dia lift (Nos.) | N28: 1.9m dia lift (Cum) | O28: 1.6m dia lift (Nos.) | P28: 1.6m dia lift (Cum) | Q28: Pier Cap (No's) | R28: Pier Cap (Cum)
A29: A | B29: 50 | C29: 40 | D29: 40 | E29: 3mtr | F29: =F46 -> 40 | G29: =SUMIFS(Backup!$G:$G,Backup!$D:$D,Backup!$D$117,Backup!$O:$O,$K$1,Backup!$B:$B,Details!A29) -> 0 | H29: =SUMIFS(Backup!$K:$K,Backup!$D:$D,Backup!$D$117,Backup!$O:$O,$K$1,Backup!$B:$B,Details!A29) -> 0 | I29: =SUMIFS(Backup!$G:$G,Backup!$D:$D,Details!$B$9,Backup!$O:$O,$K$1,Backup!$B:$B,Details!A29) -> 0 | J29: =SUMIFS(Backup!$M:$M,Backup!$D:$D,Details!$B$9,Backup!$O:$O,$K$1,Backup!$B:$B,Details!A29) -> 0 | K29: =SUMIFS(Backup!$G:$G,Backup!$D:$D,$B$10,Backup!$O:$O,$K$1,Backup!$B:$B,Details!A29) -> 0 | L29: =SUMIFS(Backup!$M:$M,Backup!$D:$D,$B$10,Backup!$O:$O,$K$1,Backup!$B:$B,Details!A29) -> 0 | M29: =SUMIFS(Backup!$G:$G,Backup!$D:$D,Backup!$D$124,Backup!$O:$O,$K$1,Backup!$B:$B,Details!A29) -> 0 | N29: =SUMIFS(Backup!$M:$M,Backup!$D:$D,Backup!$D$124,Backup!$O:$O,$K$1,Backup!$B:$B,Details!A29) -> 0 | O29: =SUMIFS(Backup!$G:$G,Backup!$D:$D,Backup!$D$152,Backup!$O:$O,$K$1,Backup!$B:$B,Details!A29) -> 0 | P29: =SUMIFS(Backup!$M:$M,Backup!$D:$D,Backup!$D$152,Backup!$O:$O,$K$1,Backup!$B:$B,Details!A29) -> 0 | Q29: =SUMIFS(Backup!$G:$G,Backup!$D:$D,Backup!$D$167,Backup!$O:$O,$K$1,Backup!$B:$B,Details!A29) -> 0 | R29: =SUMIFS(Backup!$N:$N,Backup!$D:$D,Backup!$D$167,Backup!$O:$O,$K$1,Backup!$B:$B,Details!A29) -> 0 | S29: =R29+N29+L29+J29 -> 0
A30: B | B30: 33 | C30: 28 | D30: 28 | E30: 3mtr | F30: =F47 -> 28 | G30: =SUMIFS(Backup!$G:$G,Backup!$D:$D,Backup!$D$117,Backup!$O:$O,$K$1,Backup!$B:$B,Details!A30) -> 2 | H30: =SUMIFS(Backup!$K:$K,Backup!$D:$D,Backup!$D$117,Backup!$O:$O,$K$1,Backup!$B:$B,Details!A30) -> 10 | I30: =SUMIFS(Backup!$G:$G,Backup!$D:$D,Details!$B$9,Backup!$O:$O,$K$1,Backup!$B:$B,Details!A30) -> 0 | J30: =SUMIFS(Backup!$M:$M,Backup!$D:$D,Details!$B$9,Backup!$O:$O,$K$1,Backup!$B:$B,Details!A30) -> 0 | K30: =SUMIFS(Backup!$G:$G,Backup!$D:$D,$B$10,Backup!$O:$O,$K$1,Backup!$B:$B,Details!A30) -> 0 | L30: =SUMIFS(Backup!$M:$M,Backup!$D:$D,$B$10,Backup!$O:$O,$K$1,Backup!$B:$B,Details!A30) -> 0 | M30: =SUMIFS(Backup!$G:$G,Backup!$D:$D,Backup!$D$124,Backup!$O:$O,$K$1,Backup!$B:$B,Details!A30) -> 0 | N30: =SUMIFS(Backup!$M:$M,Backup!$D:$D,Backup!$D$124,Backup!$O:$O,$K$1,Backup!$B:$B,Details!A30) -> 0 | O30: =SUMIFS(Backup!$G:$G,Backup!$D:$D,Backup!$D$152,Backup!$O:$O,$K$1,Backup!$B:$B,Details!A30) -> 0 | P30: =SUMIFS(Backup!$M:$M,Backup!$D:$D,Backup!$D$152,Backup!$O:$O,$K$1,Backup!$B:$B,Details!A30) -> 0 | Q30: =SUMIFS(Backup!$G:$G,Backup!$D:$D,Backup!$D$167,Backup!$O:$O,$K$1,Backup!$B:$B,Details!A30) -> 2 | R30: =SUMIFS(Backup!$N:$N,Backup!$D:$D,Backup!$D$167,Backup!$O:$O,$K$1,Backup!$B:$B,Details!A30) -> 64 | S30: =R30+N30+L30+J30 -> 64
A31: H | B31: 61 | C31: 50 | D31: 50 | E31: 5.8mtrs | F31: =F48 -> 50 | G31: =SUMIFS(Backup!$G:$G,Backup!$D:$D,Backup!$D$117,Backup!$O:$O,$K$1,Backup!$B:$B,Details!A31) -> 2 | H31: =SUMIFS(Backup!$K:$K,Backup!$D:$D,Backup!$D$117,Backup!$O:$O,$K$1,Backup!$B:$B,Details!A31) -> 7 | I31: =SUMIFS(Backup!$G:$G,Backup!$D:$D,Details!$B$9,Backup!$O:$O,$K$1,Backup!$B:$B,Details!A31) -> 2 | J31: =SUMIFS(Backup!$M:$M,Backup!$D:$D,Details!$B$9,Backup!$O:$O,$K$1,Backup!$B:$B,Details!A31) -> 50 | K31: =SUMIFS(Backup!$G:$G,Backup!$D:$D,$B$10,Backup!$O:$O,$K$1,Backup!$B:$B,Details!A31) -> 2 | L31: =SUMIFS(Backup!$M:$M,Backup!$D:$D,$B$10,Backup!$O:$O,$K$1,Backup!$B:$B,Details!A31) -> 12 | M31: =SUMIFS(Backup!$G:$G,Backup!$D:$D,Backup!$D$124,Backup!$O:$O,$K$1,Backup!$B:$B,Details!A31) -> 2 | N31: =SUMIFS(Backup!$M:$M,Backup!$D:$D,Backup!$D$124,Backup!$O:$O,$K$1,Backup!$B:$B,Details!A31) -> 12 | O31: =SUMIFS(Backup!$G:$G,Backup!$D:$D,Backup!$D$152,Backup!$O:$O,$K$1,Backup!$B:$B,Details!A31) -> 0 | P31: =SUMIFS(Backup!$M:$M,Backup!$D:$D,Backup!$D$152,Backup!$O:$O,$K$1,Backup!$B:$B,Details!A31) -> 0 | Q31: =SUMIFS(Backup!$G:$G,Backup!$D:$D,Backup!$D$167,Backup!$O:$O,$K$1,Backup!$B:$B,Details!A31) -> 0 | R31: =SUMIFS(Backup!$N:$N,Backup!$D:$D,Backup!$D$167,Backup!$O:$O,$K$1,Backup!$B:$B,Details!A31) -> 0 | S31: =R31+N31+L31+J31 -> 74
A32: C | B32: 18 | C32: 40 | D32: 40 | E32: 5.8mtrs | F32: =F49 -> 34 | G32: =SUMIFS(Backup!$G:$G,Backup!$D:$D,Backup!$D$117,Backup!$O:$O,$K$1,Backup!$B:$B,Details!A32) -> 0 | H32: =SUMIFS(Backup!$K:$K,Backup!$D:$D,Backup!$D$117,Backup!$O:$O,$K$1,Backup!$B:$B,Details!A32) -> 0 | I32: =SUMIFS(Backup!$G:$G,Backup!$D:$D,Details!$B$9,Backup!$O:$O,$K$1,Backup!$B:$B,Details!A32) -> 0 | J32: =SUMIFS(Backup!$M:$M,Backup!$D:$D,Details!$B$9,Backup!$O:$O,$K$1,Backup!$B:$B,Details!A32) -> 0 | K32: =SUMIFS(Backup!$G:$G,Backup!$D:$D,$B$10,Backup!$O:$O,$K$1,Backup!$B:$B,Details!A32) -> 0 | L32: =SUMIFS(Backup!$M:$M,Backup!$D:$D,$B$10,Backup!$O:$O,$K$1,Backup!$B:$B,Details!A32) -> 0 | M32: =SUMIFS(Backup!$G:$G,Backup!$D:$D,Backup!$D$124,Backup!$O:$O,$K$1,Backup!$B:$B,Details!A32) -> 0 | N32: =SUMIFS(Backup!$M:$M,Backup!$D:$D,Backup!$D$124,Backup!$O:$O,$K$1,Backup!$B:$B,Details!A32) -> 0 | O32: =SUMIFS(Backup!$G:$G,Backup!$D:$D,Backup!$D$152,Backup!$O:$O,$K$1,Backup!$B:$B,Details!A32) -> 0 | P32: =SUMIFS(Backup!$M:$M,Backup!$D:$D,Backup!$D$152,Backup!$O:$O,$K$1,Backup!$B:$B,Details!A32) -> 0 | Q32: =SUMIFS(Backup!$G:$G,Backup!$D:$D,Backup!$D$167,Backup!$O:$O,$K$1,Backup!$B:$B,Details!A32) -> 0 | R32: =SUMIFS(Backup!$N:$N,Backup!$D:$D,Backup!$D$167,Backup!$O:$O,$K$1,Backup!$B:$B,Details!A32) -> 0 | S32: =R32+N32+L32+J32 -> 0
A33: I | B33: 43 | C33: 55 | D33: 55 | E33: 8mtrs | F33: =F50 -> 55 | G33: =SUMIFS(Backup!$G:$G,Backup!$D:$D,Backup!$D$117,Backup!$O:$O,$K$1,Backup!$B:$B,Details!A33) -> 0 | H33: =SUMIFS(Backup!$K:$K,Backup!$D:$D,Backup!$D$117,Backup!$O:$O,$K$1,Backup!$B:$B,Details!A33) -> 0 | I33: =SUMIFS(Backup!$G:$G,Backup!$D:$D,Details!$B$9,Backup!$O:$O,$K$1,Backup!$B:$B,Details!A33) -> 0 | J33: =SUMIFS(Backup!$M:$M,Backup!$D:$D,Details!$B$9,Backup!$O:$O,$K$1,Backup!$B:$B,Details!A33) -> 0 | K33: =SUMIFS(Backup!$G:$G,Backup!$D:$D,$B$10,Backup!$O:$O,$K$1,Backup!$B:$B,Details!A33) -> 0 | L33: =SUMIFS(Backup!$M:$M,Backup!$D:$D,$B$10,Backup!$O:$O,$K$1,Backup!$B:$B,Details!A33) -> 0 | M33: =SUMIFS(Backup!$G:$G,Backup!$D:$D,Backup!$D$124,Backup!$O:$O,$K$1,Backup!$B:$B,Details!A33) -> 0 | N33: =SUMIFS(Backup!$M:$M,Backup!$D:$D,Backup!$D$124,Backup!$O:$O,$K$1,Backup!$B:$B,Details!A33) -> 0 | O33: =SUMIFS(Backup!$G:$G,Backup!$D:$D,Backup!$D$152,Backup!$O:$O,$K$1,Backup!$B:$B,Details!A33) -> 0 | P33: =SUMIFS(Backup!$M:$M,Backup!$D:$D,Backup!$D$152,Backup!$O:$O,$K$1,Backup!$B:$B,Details!A33) -> 0 | Q33: =SUMIFS(Backup!$G:$G,Backup!$D:$D,Backup!$D$167,Backup!$O:$O,$K$1,Backup!$B:$B,Details!A33) -> 0 | R33: =SUMIFS(Backup!$N:$N,Backup!$D:$D,Backup!$D$167,Backup!$O:$O,$K$1,Backup!$B:$B,Details!A33) -> 0 | S33: =R33+N33+L33+J33 -> 0
A34: D | B34: 90 | C34: 54 | D34: 54 | E34: 8mtrs to 3mtrs | F34: =F51 -> 54 | G34: =SUMIFS(Backup!$G:$G,Backup!$D:$D,Backup!$D$117,Backup!$O:$O,$K$1,Backup!$B:$B,Details!A34) -> 0 | H34: =SUMIFS(Backup!$K:$K,Backup!$D:$D,Backup!$D$117,Backup!$O:$O,$K$1,Backup!$B:$B,Details!A34) -> 18 | I34: =SUMIFS(Backup!$G:$G,Backup!$D:$D,Details!$B$9,Backup!$O:$O,$K$1,Backup!$B:$B,Details!A34) -> 0 | J34: =SUMIFS(Backup!$M:$M,Backup!$D:$D,Details!$B$9,Backup!$O:$O,$K$1,Backup!$B:$B,Details!A34) -> 0 | K34: =SUMIFS(Backup!$G:$G,Backup!$D:$D,$B$10,Backup!$O:$O,$K$1,Backup!$B:$B,Details!A34) -> 0 | L34: =SUMIFS(Backup!$M:$M,Backup!$D:$D,$B$10,Backup!$O:$O,$K$1,Backup!$B:$B,Details!A34) -> 0 | M34: =SUMIFS(Backup!$G:$G,Backup!$D:$D,Backup!$D$124,Backup!$O:$O,$K$1,Backup!$B:$B,Details!A34) -> 0 | N34: =SUMIFS(Backup!$M:$M,Backup!$D:$D,Backup!$D$124,Backup!$O:$O,$K$1,Backup!$B:$B,Details!A34) -> 0 | O34: =SUMIFS(Backup!$G:$G,Backup!$D:$D,Backup!$D$152,Backup!$O:$O,$K$1,Backup!$B:$B,Details!A34) -> 0 | P34: =SUMIFS(Backup!$M:$M,Backup!$D:$D,Backup!$D$152,Backup!$O:$O,$K$1,Backup!$B:$B,Details!A34) -> 0 | Q34: =SUMIFS(Backup!$G:$G,Backup!$D:$D,Backup!$D$167,Backup!$O:$O,$K$1,Backup!$B:$B,Details!A34) -> 0 | R34: =SUMIFS(Backup!$N:$N,Backup!$D:$D,Backup!$D$167,Backup!$O:$O,$K$1,Backup!$B:$B,Details!A34) -> 0 | S34: =R34+N34+L34+J34 -> 0
A35: E | B35: 28 | C35: 36 | D35: 36 | E35: 8mtrs | F35: =F52 -> 19 | G35: =SUMIFS(Backup!$G:$G,Backup!$D:$D,Backup!$D$117,Backup!$O:$O,$K$1,Backup!$B:$B,Details!A35) -> 14 | H35: =SUMIFS(Backup!$K:$K,Backup!$D:$D,Backup!$D$117,Backup!$O:$O,$K$1,Backup!$B:$B,Details!A35) -> 44 | I35: =SUMIFS(Backup!$G:$G,Backup!$D:$D,Details!$B$9,Backup!$O:$O,$K$1,Backup!$B:$B,Details!A35) -> 8 | J35: =SUMIFS(Backup!$M:$M,Backup!$D:$D,Details!$B$9,Backup!$O:$O,$K$1,Backup!$B:$B,Details!A35) -> 160 | K35: =SUMIFS(Backup!$G:$G,Backup!$D:$D,$B$10,Backup!$O:$O,$K$1,Backup!$B:$B,Details!A35) -> 7 | L35: =SUMIFS(Backup!$M:$M,Backup!$D:$D,$B$10,Backup!$O:$O,$K$1,Backup!$B:$B,Details!A35) -> 35 | M35: =SUMIFS(Backup!$G:$G,Backup!$D:$D,Backup!$D$124,Backup!$O:$O,$K$1,Backup!$B:$B,Details!A35) -> 2 | N35: =SUMIFS(Backup!$M:$M,Backup!$D:$D,Backup!$D$124,Backup!$O:$O,$K$1,Backup!$B:$B,Details!A35) -> 12 | O35: =SUMIFS(Backup!$G:$G,Backup!$D:$D,Backup!$D$152,Backup!$O:$O,$K$1,Backup!$B:$B,Details!A35) -> 0 | P35: =SUMIFS(Backup!$M:$M,Backup!$D:$D,Backup!$D$152,Backup!$O:$O,$K$1,Backup!$B:$B,Details!A35) -> 0 | Q35: =SUMIFS(Backup!$G:$G,Backup!$D:$D,Backup!$D$167,Backup!$O:$O,$K$1,Backup!$B:$B,Details!A35) -> 2 | R35: =SUMIFS(Backup!$N:$N,Backup!$D:$D,Backup!$D$167,Backup!$O:$O,$K$1,Backup!$B:$B,Details!A35) -> 67 | S35: =R35+N35+L35+J35 -> 274
A36: G | B36: 45 | C36: 66 | D36: 66 | E36: 5.8mtrs to 8mtrs | F36: =F53 -> 27 | G36: =SUMIFS(Backup!$G:$G,Backup!$D:$D,Backup!$D$117,Backup!$O:$O,$K$1,Backup!$B:$B,Details!A36) -> 6 | H36: =SUMIFS(Backup!$K:$K,Backup!$D:$D,Backup!$D$117,Backup!$O:$O,$K$1,Backup!$B:$B,Details!A36) -> 30 | I36: =SUMIFS(Backup!$G:$G,Backup!$D:$D,Details!$B$9,Backup!$O:$O,$K$1,Backup!$B:$B,Details!A36) -> 6 | J36: =SUMIFS(Backup!$M:$M,Backup!$D:$D,Details!$B$9,Backup!$O:$O,$K$1,Backup!$B:$B,Details!A36) -> 266 | K36: =SUMIFS(Backup!$G:$G,Backup!$D:$D,$B$10,Backup!$O:$O,$K$1,Backup!$B:$B,Details!A36) -> 5 | L36: =SUMIFS(Backup!$M:$M,Backup!$D:$D,$B$10,Backup!$O:$O,$K$1,Backup!$B:$B,Details!A36) -> 33 | M36: =SUMIFS(Backup!$G:$G,Backup!$D:$D,Backup!$D$124,Backup!$O:$O,$K$1,Backup!$B:$B,Details!A36) -> 8 | N36: =SUMIFS(Backup!$M:$M,Backup!$D:$D,Backup!$D$124,Backup!$O:$O,$K$1,Backup!$B:$B,Details!A36) -> 44 | O36: =SUMIFS(Backup!$G:$G,Backup!$D:$D,Backup!$D$152,Backup!$O:$O,$K$1,Backup!$B:$B,Details!A36) -> 0.5 | P36: =SUMIFS(Backup!$M:$M,Backup!$D:$D,Backup!$D$152,Backup!$O:$O,$K$1,Backup!$B:$B,Details!A36) -> 5 | Q36: =SUMIFS(Backup!$G:$G,Backup!$D:$D,Backup!$D$167,Backup!$O:$O,$K$1,Backup!$B:$B,Details!A36) -> 0 | R36: =SUMIFS(Backup!$N:$N,Backup!$D:$D,Backup!$D$167,Backup!$O:$O,$K$1,Backup!$B:$B,Details!A36) -> 0 | S36: =R36+N36+L36+J36 -> 343
A37: J | B37: 44 | C37: 43 | D37: 43 | E37: 9mtrs | F37: =F54 -> 43 | G37: =SUMIFS(Backup!$G:$G,Backup!$D:$D,Backup!$D$117,Backup!$O:$O,$K$1,Backup!$B:$B,Details!A37) -> 0 | H37: =SUMIFS(Backup!$K:$K,Backup!$D:$D,Backup!$D$117,Backup!$O:$O,$K$1,Backup!$B:$B,Details!A37) -> 0 | I37: =SUMIFS(Backup!$G:$G,Backup!$D:$D,Details!$B$9,Backup!$O:$O,$K$1,Backup!$B:$B,Details!A37) -> 0 | J37: =SUMIFS(Backup!$M:$M,Backup!$D:$D,Details!$B$9,Backup!$O:$O,$K$1,Backup!$B:$B,Details!A37) -> 0 | K37: =SUMIFS(Backup!$G:$G,Backup!$D:$D,$B$10,Backup!$O:$O,$K$1,Backup!$B:$B,Details!A37) -> 0 | L37: =SUMIFS(Backup!$M:$M,Backup!$D:$D,$B$10,Backup!$O:$O,$K$1,Backup!$B:$B,Details!A37) -> 0 | M37: =SUMIFS(Backup!$G:$G,Backup!$D:$D,Backup!$D$124,Backup!$O:$O,$K$1,Backup!$B:$B,Details!A37) -> 0 | N37: =SUMIFS(Backup!$M:$M,Backup!$D:$D,Backup!$D$124,Backup!$O:$O,$K$1,Backup!$B:$B,Details!A37) -> 0 | O37: =SUMIFS(Backup!$G:$G,Backup!$D:$D,Backup!$D$152,Backup!$O:$O,$K$1,Backup!$B:$B,Details!A37) -> 0 | P37: =SUMIFS(Backup!$M:$M,Backup!$D:$D,Backup!$D$152,Backup!$O:$O,$K$1,Backup!$B:$B,Details!A37) -> 0 | Q37: =SUMIFS(Backup!$G:$G,Backup!$D:$D,Backup!$D$167,Backup!$O:$O,$K$1,Backup!$B:$B,Details!A37) -> 1 | R37: =SUMIFS(Backup!$N:$N,Backup!$D:$D,Backup!$D$167,Backup!$O:$O,$K$1,Backup!$B:$B,Details!A37) -> 65 | S37: =R37+N37+L37+J37 -> 65
A38: F | B38: 122 | C38: 30 | D38: 30 | E38: 11.4mtrs | F38: =F55 -> 30 | G38: =SUMIFS(Backup!$G:$G,Backup!$D:$D,Backup!$D$117,Backup!$O:$O,$K$1,Backup!$B:$B,Details!A38) -> 0 | H38: =SUMIFS(Backup!$K:$K,Backup!$D:$D,Backup!$D$117,Backup!$O:$O,$K$1,Backup!$B:$B,Details!A38) -> 0 | I38: =SUMIFS(Backup!$G:$G,Backup!$D:$D,Details!$B$9,Backup!$O:$O,$K$1,Backup!$B:$B,Details!A38) -> 0 | J38: =SUMIFS(Backup!$M:$M,Backup!$D:$D,Details!$B$9,Backup!$O:$O,$K$1,Backup!$B:$B,Details!A38) -> 0 | K38: =SUMIFS(Backup!$G:$G,Backup!$D:$D,$B$10,Backup!$O:$O,$K$1,Backup!$B:$B,Details!A38) -> 0 | L38: =SUMIFS(Backup!$M:$M,Backup!$D:$D,$B$10,Backup!$O:$O,$K$1,Backup!$B:$B,Details!A38) -> 0 | M38: =SUMIFS(Backup!$G:$G,Backup!$D:$D,Backup!$D$124,Backup!$O:$O,$K$1,Backup!$B:$B,Details!A38) -> 0 | N38: =SUMIFS(Backup!$M:$M,Backup!$D:$D,Backup!$D$124,Backup!$O:$O,$K$1,Backup!$B:$B,Details!A38) -> 0 | O38: =SUMIFS(Backup!$G:$G,Backup!$D:$D,Backup!$D$152,Backup!$O:$O,$K$1,Backup!$B:$B,Details!A38) -> 0 | P38: =SUMIFS(Backup!$M:$M,Backup!$D:$D,Backup!$D$152,Backup!$O:$O,$K$1,Backup!$B:$B,Details!A38) -> 0 | Q38: =SUMIFS(Backup!$G:$G,Backup!$D:$D,Backup!$D$167,Backup!$O:$O,$K$1,Backup!$B:$B,Details!A38) -> 0 | R38: =SUMIFS(Backup!$N:$N,Backup!$D:$D,Backup!$D$167,Backup!$O:$O,$K$1,Backup!$B:$B,Details!A38) -> 0 | S38: =R38+N38+L38+J38 -> 0
